blog_idea_id,title,body,author,id
1,Python (programming language) - Languages influenced by Python,"**Python's Legacy: A Trailblazer Influencing the Landscape of Programming Languages**

Python, with its intuitive syntax and versatility, has garnered widespread adoption across diverse domains. Beyond its own popularity, it has also had a profound influence on the development of other programming languages, shaping their paradigms and inspiring innovative features. Let's delve into some notable examples:

**1. Boo: Python's Doppelgänger**

Boo, a statically typed and compiled programming language, mirrors Python's syntax to a remarkable extent. Its use of indentation for code blocks and the familiar Pythonic operators lends Boo a strong sense of kinship with its inspiration.

**2. Cobra: Embracing Pythonic Syntax and Philosophy**

Cobra, another dynamically typed language, incorporates indentation-based code structuring reminiscent of Python. Moreover, its documentation explicitly acknowledges Python's significant contribution to its design philosophy.

**3. CoffeeScript: Pythonic Charm Translated to JavaScript**

CoffeeScript, a scripting language targeting JavaScript compilation, draws its inspiration from Python's concise and elegant syntax. It offers Python-esque constructs, such as list comprehensions and generators, making it highly approachable for Pythonistas.

**4. ECMAScript/JavaScript: Embracing Pythonic Innovations**

ECMAScript, the core scripting language behind JavaScript, has adopted iterators and generators, two fundamental concepts originating in Python. These enhancements have significantly expanded JavaScript's expressiveness and streamlined the manipulation of complex data structures.

**5. GDScript: A Pythonic Gem Within Game Development**

GDScript, an integral part of the Godot game engine, showcases a high degree of similarity to Python. Its indentation-based syntax and Python-esque data structures make it ideal for rapid game prototyping and scripting within the Godot ecosystem.

**6. Go: Striving for Python's Nimble Performance**

Go, a compiled and concurrent programming language, was explicitly designed to achieve the swiftness and ease of development characteristic of Python. It utilizes Python's array slicing syntax, demonstrating the influence of Python's intuitive and concise code structure.

**7. Groovy: Propagating Pythonic Concepts to Java**

Groovy, a dynamic language running on the Java Virtual Machine, was born out of the desire to infuse Python's design principles into Java. It features Python-like syntax and supports duck typing, enabling seamless interoperability with Java libraries.

**8. Julia: A Blend of Usability and Technical Prowess**

Julia, designed for versatility in scientific computing and data analysis, shares Python's goal of user-friendliness while also emphasizing computational prowess. It provides seamless integration of high-performance computing libraries, making it a compelling choice for demanding mathematical and scientific applications.

**9. Mojo: A Pythonic Engine of Extraordinary Velocity**

Mojo, an evolving programming language, positions itself as a superset of Python. It preserves much of Python's syntax while incorporating advanced features and achieving exceptional execution speed. Notably, it boasts an up to 35,000-fold performance improvement for massively parallel tasks.

**10. Nim: Pythonic Undertones, Modern Advancements**

Nim, a statically typed and compiled language, incorporates indentation for code organization similar to Python. While maintaining Pythonic sensibilities, Nim expands upon Python's functionality with advanced language features and support for parallel computation.

**Conclusion**

Python's impact on the programming landscape is immense, extending far beyond its own applications. It has fostered a generation of languages inspired by its syntax, design philosophy, and best practices. These languages, while pursuing diverse objectives, all carry fragments of Python's DNA, a testament to its foundational contributions to modern programming paradigms.",Gemini,1
2,Python (programming language) - Uses,"**Unlocking the Versatile World of Python: A Comprehensive Exploration of Its Diverse Applications**

**Introduction**

Python, a high-level, general-purpose programming language, has gained immense popularity over the years for its versatility and ease of use. From web development to scientific computing, Python finds applications in a vast array of domains. This blog aims to provide an in-depth understanding of the diverse uses of Python, delving into its roles in various sectors and industries.

**Web Development**

Python serves as a powerful scripting language for web applications, effortlessly integrated through platforms like mod_wsgi for the Apache webserver. The Web Server Gateway Interface (WSGI) establishes a standardized API that simplifies the development and management of complex web applications. Frameworks such as Django, Pylons, Pyramid, TurboGears, web2py, Tornado, Flask, Bottle, and Zope empower developers in designing and maintaining these intricate web applications. Additionally, Pyjs and IronPython facilitate the development of client-side components for Ajax-based applications. For seamless data management, SQLAlchemy acts as a data mapper between Python applications and relational databases.

**Scientific Computing**

Python's capabilities extend to the field of scientific computing, where specialized libraries like NumPy, SciPy, and Matplotlib provide robust support. These libraries enable the efficient manipulation and analysis of complex numerical data. Domain-specific libraries such as Biopython and Astropy offer specialized functionality in areas such as bioinformatics and astrophysics, respectively. SageMath, a comprehensive computer algebra system, integrates Python as its programming language, providing extensive capabilities in various mathematical domains, including algebra, combinatorics, numerical mathematics, number theory, and calculus. OpenCV, equipped with Python bindings, offers an extensive suite of features for computer vision and image processing tasks.

**Artificial Intelligence (AI) and Machine Learning (ML)**

Python has become a popular choice for AI and ML projects, owing to the availability of robust libraries like TensorFlow, Keras, Pytorch, scikit-learn, and ProbLog. These libraries empower developers to design, train, and deploy AI models with ease. Python's modular architecture, simple syntax, and rich text processing tools make it highly suitable for natural language processing (NLP) tasks.

**User Interface (UI) Development**

Tkinter, a comprehensive GUI library in Python, enables the creation of graphical user interfaces (GUIs) with minimal effort. This feature makes Python a viable choice for developing desktop applications with intuitive and user-friendly interfaces.

**Gaming**

Python's capabilities extend to the realm of game development, with libraries such as Pygame facilitating the creation of 2D games. The simplicity and accessibility of Python make it a preferred choice for aspiring game developers.

**Software Integration**

Python's role extends beyond standalone applications; it is often embedded as a scripting language within various software products, enhancing their functionality. This integration is evident in finite element method software (e.g., Abaqus), 3D parametric modelers (e.g., FreeCAD), 3D animation packages (e.g., Blender, Maya), visual effects compositors (e.g., Nuke), 2D imaging programs (e.g., GIMP), and musical notation software (e.g., scorewriter). GNU Debugger leverages Python for its advanced visualization capabilities, while Esri promotes Python as the ideal scripting language for ArcGIS.

**Operating Systems and Device Support**

Python has become an integral part of many operating systems, including most Linux distributions, AmigaOS 4, FreeBSD, NetBSD, and OpenBSD. Linux installers, such as Ubiquity in Ubuntu and Anaconda in Red Hat Linux and Fedora Linux, are often written in Python. Gentoo Linux relies on Python for its package management system, Portage.

**Information Security**

Python is extensively utilized in the information security domain, including exploit development and security analysis. Its versatility and extensive library support make it a powerful tool for security professionals.

**Education and Outreach**

Python's beginner-friendly nature and vast community resources have fostered its adoption as a teaching language in educational institutions. The Raspberry Pi single-board computer project has chosen Python as its primary user-programming language, making it accessible to young learners and hobbyists.

**Other Notable Applications**

- Sugar software for the One Laptop per Child XO
- LibreOffice Python Scripting Provider
- Financial modeling and data analysis
- Database administration
- System administration and automation

**Conclusion**

Python's versatility and simplicity have made it a ubiquitous presence in a wide range of domains, from web development to scientific computing, AI/ML, GUI development, gaming, software integration, operating systems, information security, education, and beyond. Its extensive library ecosystem, beginner-friendly syntax, and modular architecture empower developers to create complex and sophisticated applications with ease. As Python continues to evolve and expand, we can expect to witness its applications grow even further, solidifying its position as one of the most sought-after programming languages in the tech industry and beyond.",Gemini,2
3,Python (programming language) - Popularity,"## Python's Popularity: A Decade-Long Reign at the Top

Python, a versatile and widely-used programming language, has cemented its position as a dominant force in the software development landscape. Since its inception in 1991, Python has enjoyed a meteoric rise in popularity, consistently ranking among the most sought-after languages globally.

### TIOBE Index Dominance

The TIOBE Programming Community Index, a respected benchmark for programming language popularity, has consistently ranked Python in the top ten since 2003. As of December 2022, Python reigns supreme as the most popular language, surpassing C, C++, and Java.

### Programming Language of the Year Honors

Python's exceptional performance has earned it the coveted ""Programming Language of the Year"" award from TIOBE in 2007, 2010, 2018, and 2020. No other language has achieved this distinction four times, highlighting Python's enduring popularity and versatility.

### Productivity and Efficiency

Empirical studies have demonstrated the superior productivity of scripting languages like Python compared to conventional languages like C and Java, particularly for tasks involving string manipulation and dictionary search. Python's efficient memory consumption also sets it apart, offering a balance between Java's performance and C/C++'s resource utilization.

### Adoption by Tech Giants

The adoption of Python by leading tech organizations further underscores its widespread acceptance. Wikipedia, Google, Yahoo!, CERN, NASA, Facebook, Amazon, Instagram, Spotify, ILM, and ITA all leverage Python for various aspects of their operations.

### Reddit's Python Foundation

Reddit, the popular social news networking site, is a testament to Python's capabilities. The platform was primarily built using Python, showcasing the language's suitability for large-scale web development and community management.

### Python's Enduring Success

Python's sustained popularity can be attributed to several factors:

* **Simplicity and Readability:** Python's intuitive syntax and English-like readability make it accessible to programmers of all levels, fostering a vibrant community.
* **Extensibility:** Python's extensive library of modules and packages enables developers to extend the language's functionality for specific domains, such as data science, machine learning, and web development.
* **Community Support:** Python has a dedicated and active community that provides support, documentation, and resources, fostering a sense of belonging among users.

### Conclusion

Python's decade-long reign as the most popular programming language is a testament to its versatility, efficiency, and wide-ranging applications. From scripting to machine learning to web development, Python has become an indispensable tool for programmers worldwide. Its continued popularity ensures a bright future for this dynamic and adaptable language.",Gemini,3
4,Python (programming language) - Naming,"## Python: A Programming Language with a Playful Twist

Python, a versatile and widely-used programming language, owes its distinctive name to the British comedy group Monty Python. This homage is not merely a whimsical nod; it permeates the fabric of Python's culture and codebase.

### The Monty Python Influence

Guido van Rossum, the creator of Python, was a fervent aficionado of Monty Python's Flying Circus, a groundbreaking comedy sketch show that aired in the 1970s. The show's absurd humor and unconventional style resonated with van Rossum, who sought to imbue his programming language with a similar spirit.

In Python code, references to Monty Python are ubiquitous. The metasyntactic variables, often used as placeholders in code examples, are not the conventional ""foo"" and ""bar,"" but rather ""spam"" and ""eggs,"" a nod to the famous Monty Python Spam sketch.

The official Python documentation is also a treasure trove of Monty Python references. In the tutorial section, for instance, aspiring Pythonistas are greeted with the phrase ""And now for something completely different,"" a nod to the show's iconic opening line.

### The ""Py"" Prefix and Pythonistas

Beyond the playful references, Python's name has also been adopted as a prefix to denote applications and libraries related to the language. This ""Py"" prefix serves as a mark of affiliation, much like the ""Java"" prefix for Java-related software.

Examples of the Py- prefix in action include:

- **Pygame:** A binding of the SDL library to Python, commonly used in game development.
- **PyQt:** A binding of the Qt library to Python, providing a cross-platform graphical user interface framework.
- **PyGTK:** A binding of the GTK library to Python, used for creating graphical user interfaces on Linux-based systems.
- **PyPy:** A Python implementation originally written in Python itself, known for its performance optimizations.

### Pythonistas: A Community of Enthusiasts

Users of Python have fondly adopted the moniker ""Pythonistas,"" a playful nod to their shared passion for the language. This community of Python enthusiasts is known for its inclusivity, humor, and willingness to share knowledge.

Pythonistas can be found in diverse fields, from software engineering and data science to artificial intelligence and machine learning. They come together at conferences, online forums, and social media groups to collaborate, learn from each other, and contribute to the Python ecosystem.

### Conclusion

Python's name is not just a random choice; it is a testament to the playful and creative spirit that has shaped the language. From the Monty Python references in its code to the ""Py"" prefix that denotes its applications, Python's nomenclature is a constant reminder of its origins and its fun-loving community.

As Python continues to evolve and gain popularity, its playful name will serve as a lasting tribute to the comedy group that inspired it, while also embodying the creativity and innovation that have made it one of the most beloved programming languages today.",Gemini,4
5,Python (programming language) - API documentation generators,"## Unleashing the Power of Python API Documentation Generators

In the fast-paced world of software development, clear and comprehensive documentation is paramount for effective collaboration and successful project outcomes. For Python developers, the abundance of available API documentation generators offers a lifeline, empowering them to effortlessly create well-structured and informative documentation for their projects.

### Unveiling the Arsenal of Python API Documentation Generators

The Python ecosystem boasts a rich collection of API documentation generators, each catering to specific requirements and preferences. Here's a closer look at some notable options:

* **pydoc (Standard Library):** A built-in Python module that generates simple HTML documentation from module, class, function, and method docstrings. It offers basic functionality but lacks advanced features.

* **Sphinx:** A powerful documentation generator that leverages reStructuredText (reST) for content creation. Sphinx boasts a wide range of features, including versioning, cross-referencing, and customization through themes and extensions.

* **Pdoc and Its Forks:** A lightweight and minimalist documentation generator that emphasizes code readability. Pdoc utilizes type hints and docstrings to automatically generate documentation in HTML, Markdown, and JSON formats.

* **Doxygen and Graphviz:** Originally developed for C++, Doxygen can also generate documentation for Python code. It provides advanced features such as code navigation, class hierarchy diagrams, and integration with Graphviz for visualizing call graphs.

### Comparative Analysis: Choosing the Right Tool for Your Needs

Selecting the optimal API documentation generator depends on the specific requirements of your project. Here's a comparative analysis to guide your decision-making:

| Feature | pydoc | Sphinx | Pdoc | Doxygen |
|---|---|---|---|---|
| Ease of Use | Simple | Intermediate | Easy | Intermediate |
| Customization | Limited | High | Moderate | High |
| Advanced Features | Basic | Extensive | Minimal | Advanced |
| Code Visualization | None | None | None | Yes |
| Output Formats | HTML | HTML, PDF, etc. | HTML, Markdown, JSON | HTML, PDF, etc. |

### Best Practices for Effective API Documentation

Beyond selecting the right tool, adhering to best practices ensures the creation of high-quality API documentation:

* **Utilize Docstrings:** Write clear and informative docstrings that describe the purpose, usage, and parameters of your functions and classes.
* **Embrace Reusability:** Define reusable modules and packages to minimize duplication and maintain consistency.
* **Integrate Test Suites:** Include unit tests and examples to demonstrate API functionality and enhance documentation understanding.
* **Consider User Experience:** Structure your documentation logically and use headings, lists, and code blocks to improve readability.
* **Keep It Up-to-Date:** Regularly update your documentation to reflect changes in your codebase and API functionality.

### Conclusion

Python API documentation generators serve as indispensable tools for software developers, enabling them to create comprehensive and informative documentation with ease. By understanding the available options and following best practices, developers can empower their teams and users with the knowledge necessary for successful project outcomes.",Gemini,5
6,Python (programming language) - Development,"**Python Development: A Comprehensive Guide**

Python, a versatile and widely used programming language, has witnessed remarkable growth over the years. Its development process is a collaborative and well-structured effort that involves various stakeholders. Here's a detailed look into the journey of Python's development:

**Python Enhancement Proposal (PEP)**

At the heart of Python's development lies the Python Enhancement Proposal (PEP) process. PEPs serve as formal proposals for introducing new features, addressing language design decisions, or documenting best practices. The community thoroughly reviews and discusses each PEP before its implementation.

**Python Coding Style**

Python's coding style is codified in PEP 8, which serves as a style guide for Python developers. It outlines best practices for code readability, structure, and correctness. Adhering to PEP 8 ensures consistency and maintainability across Python projects.

**Development Channels**

Python's development primarily takes place on GitHub, where developers contribute code, propose changes, and collaborate on language enhancements. The python-dev mailing list serves as an additional forum for technical discussions and decision-making.

**Versioning and Releases**

CPython, the reference implementation of Python, follows a structured versioning system:

* **Backward-Incompatible Releases:** Major version number increments indicate significant changes that may require code adaptation.
* **Major Releases:** Minor version number increments introduce new features while maintaining backward compatibility. Regular annual releases are planned for Python 3.x versions.
* **Bugfix Releases:** Patch version number increments address bug fixes and security vulnerabilities. Regular quarterly releases are targeted for Python 3.x versions.

**Testing and Quality Assurance**

Python's development team regularly executes a comprehensive unit test suite to ensure code stability and functionality. Additionally, alpha, beta, and release candidate versions are released for testing and feedback before final releases.

**Community Involvement**

The Python community plays a vital role in the language's development. Conferences like PyCon facilitate discussion, knowledge sharing, and collaboration among developers. Mentoring programs such as PyLadies provide support and encouragement to underrepresented groups in the Python community.

**Recent Developments**

Python 3.12 introduced pattern matching and removed the wstr type. Python 3.10 introduced pattern matching to the language. Several outdated modules were dropped in Python 3.12, and more deprecations are planned for future releases. Deprecations aim to gradually remove obsolete code and encourage modernization.

**Conclusion**

Python's development process is a continuous, collaborative, and community-driven effort. Through the PEP process, coding style guidelines, versioning system, and active community engagement, Python has evolved into a robust and efficient programming language widely adopted in various domains. As Python continues to grow and adapt to emerging technologies, its development will remain an exciting and dynamic journey.",Gemini,6
7,Python (programming language) - Implementations - Performance,"## Python Implementations: A Performance Comparison

Python is a popular, general-purpose programming language known for its simplicity, readability, and extensive library support. However, when it comes to performance, different Python implementations can vary significantly. This blog will delve into the performance characteristics of various Python implementations and explore factors that influence their execution speed.

### Python Implementations

Python has several implementations, each with its own strengths and weaknesses. The most widely used implementations include:

- **CPython:** The official reference implementation of Python, written in C. It is the most popular and stable implementation, but it can be slower than others for certain tasks.
- **Jython:** An implementation of Python written in Java, enabling Python code to run on the Java Virtual Machine (JVM). It is known for its performance on multithreaded applications.
- **IronPython:** An implementation of Python written in C# and targeting the Microsoft .NET Framework. It offers strong integration with .NET libraries and generally faster execution than CPython.
- **PyPy:** A state-of-the-art Python implementation written in a subset of Python itself, called RPython. It uses a just-in-time (JIT) compiler to improve execution speed.

### Performance Comparison

The performance of Python implementations can vary depending on the workload. For numerical workloads, implementations like NumPy and SciPy provide optimized libraries that can significantly improve performance. However, for non-numerical workloads, such as combinatorial problems or string processing, the choice of implementation can have a noticeable impact.

A study presented at EuroSciPy '13 compared the performance of various Python implementations on a non-numerical workload. The results showed that PyPy consistently outperformed CPython, offering a significant speed advantage. IronPython and Jython also performed better than CPython in most cases.

### Factors Affecting Performance

Several factors can influence the performance of Python implementations:

- **Compiler:** The compiler used to generate bytecode from Python source code can impact execution speed. JIT compilers, like PyPy's, can significantly improve performance by optimizing code during runtime.
- **Memory management:** Python's garbage collector can introduce overhead, especially in applications with heavy object creation and deletion. Implementations like PyPy use advanced garbage collection algorithms to minimize this overhead.
- **Runtime environment:** The operating system and hardware configuration can also affect performance. For example, implementations optimized for multicore processors can leverage parallel processing to improve execution speed.

### Benchmarks

The Computer Language Benchmarks Game is a popular online repository of benchmark tests for various programming languages. The results provide insights into the relative performance of Python implementations for different tasks, such as sorting, searching, and string manipulation.

### Conclusion

Choosing the right Python implementation for your application depends on the specific requirements and workload. For non-numerical workloads, implementations like PyPy, IronPython, and Jython can offer significant performance advantages over CPython. However, for numerical workloads, NumPy and SciPy libraries should be considered. Understanding the performance characteristics of different Python implementations and the factors that influence them is crucial for optimizing the execution speed of your Python applications.",Gemini,7
8,Python (programming language) - Implementations - Cross-compilers to other languages,"**Python Implementations: Cross-Compilers to Other Languages**

Python's versatility extends beyond its native runtime environment, as there are numerous compilers and transpilers that enable the execution of Python code in a variety of target languages. These cross-compilers provide a bridge between Python and other high-level programming languages, allowing for the creation of Python-based applications and libraries that can leverage the strengths of different programming paradigms.

**General-Purpose Compilers/Transpilers**

* **Brython, Transcrypt, Pyjs:** These tools compile Python to JavaScript, enabling the execution of Python code in web browsers and other JavaScript-based environments.

* **Codon:** Codon compiles a statically typed subset of Python to machine code via LLVM, offering native multithreading support and improved performance.

* **Cython:** Cython compiles Python code to C, which can then be directly integrated into Python via C-level API calls or used independently for enhanced performance.

* **PyJL:** PyJL transpiles Python to human-readable and maintainable Julia source code, which can then be used from Python or compiled to machine code for improved performance.

* **Nuitka:** Nuitka compiles Python to C, specializing in optimizing Python code for faster execution.

* **Numba:** Numba employs LLVM to compile a subset of Python to machine code, focusing on accelerating numerical computations.

* **Pythran:** Pythran compiles a subset of Python 3 to C++ (C++11), enabling the creation of high-performance code that can be used from within Python.

* **RPython:** RPython compiles Python to C, serving as the backbone of the PyPy interpreter, a high-performance implementation of Python.

* **Python → 11l → C++ Transpiler:** This specialized transpiler converts a subset of Python 3 to C++ (C++17), providing access to C++ features and performance benefits.

**Specialized Compilers**

* **MyHDL:** MyHDL is a Python-based hardware description language that translates MyHDL code to Verilog or VHDL code for use in hardware design and simulation.

**Legacy Projects**

* **Google's Grumpy:** Grumpy transpiles Python 2 to Go, allowing Python code to run on Go's runtime environment.

* **IronPython:** IronPython enables the execution of Python 2.7 programs on the .NET Common Language Runtime, leveraging the extensive libraries and capabilities of the .NET framework.

* **Jython:** Jython compiles Python 2.7 to Java bytecode, providing access to the vast Java ecosystem within Python programs.

* **Pyrex, Shed Skin:** These legacy compilers translate Python code to C and C++ respectively, offering improved performance and interoperability with other C-based languages.

**Conclusion**

Python's cross-compilers to other languages empower developers with the ability to extend Python's reach beyond its native environment. By leveraging the strengths of different programming languages, these tools enable the creation of versatile applications, libraries, and hardware designs that combine the ease of use and expressiveness of Python with the performance and efficiency of target languages.",Gemini,8
9,Python (programming language) - Implementations - Unsupported implementations,"## Unsupported Implementations of Python

Python is a versatile and widely used programming language with numerous implementations. However, not all implementations have stood the test of time or maintained relevance in the Python ecosystem. Here's a closer look at some unsupported Python implementations:

### Unladen Swallow

Google embarked on the Unladen Swallow project in 2009 with the ambitious goal of significantly enhancing the Python interpreter's performance. The project aimed to leverage the LLVM (Low-Level Virtual Machine) for just-in-time (JIT) compilation and improve multithreading capabilities to harness thousands of cores. This endeavor was expected to yield a fivefold increase in speed and overcome the bottlenecks imposed by the global interpreter lock (GIL).

### Psyco

Psyco is a discontinued JIT compiler designed to integrate with CPython and enhance performance by transforming bytecode into machine code at runtime. The generated code was specialized for specific data types, resulting in faster execution than the standard Python code. However, Psyco's lack of support for Python 2.7 and subsequent versions limited its utility.

### PyS60

PyS60 was a Python 2 interpreter specifically tailored for Series 60 mobile phones introduced by Nokia in 2005. It incorporated a substantial portion of the modules from the standard library and offered additional modules to facilitate integration with the Symbian operating system. The Nokia N900 further extended Python support with GTK widget libraries, enabling users to write and execute programs directly on the device.

### Reasons for Lack of Support

The reasons for the discontinuation of these Python implementations vary. For instance, Unladen Swallow's complex nature and the challenges of implementing efficient JIT compilation techniques for Python's dynamic nature ultimately proved insurmountable. Psyco's inability to adapt to changes in subsequent Python versions rendered it obsolete. Furthermore, the decline of Series 60 mobile phones led to the discontinuation of PyS60.

### Conclusion

Unsurprisingly, due to their unsupported status, these Python implementations have not been actively maintained or updated, which means they may not be compatible with contemporary Python versions. Additionally, they may lack modern features, security patches, and ongoing support, making them unsuitable for mission-critical applications.

For a reliable and feature-rich Python experience, it's wise to utilize the officially supported implementations, such as CPython for desktops and PyPy for improved performance for both desktops and embedded systems. These implementations benefit from continuous updates, comprehensive testing, and a robust community ensuring ongoing support and access to cutting-edge features.",Gemini,9
10,Python (programming language) - Implementations - Other implementations,"## Python Implementations: Exploring Alternatives to CPython

Python, a versatile and widely adopted programming language, has seen remarkable growth over the years. Its versatility stems from its extensive ecosystem of libraries and its cross-platform compatibility. However, at its core, Python heavily relies on the CPython reference implementation, which can sometimes introduce limitations. This blog delves into the world of alternative Python implementations, exploring their distinct features and use cases.

### PyPy: A Fast and Compliant Python Interpreter

PyPy stands out as a fast and compliant Python interpreter for Python 2.7 and 3.8. Its just-in-time (JIT) compiler effectively enhances the execution speed of Python programs compared to the standard CPython implementation. However, PyPy has a drawback: it's incompatible with certain C-based libraries.

### Stackless Python: Embracing Microthreads

Stackless Python emerges as a significant fork of CPython, introducing microthreads into its architecture. Unlike CPython, which relies on a traditional call stack, Stackless Python employs a specialized thread model to facilitate the development of massively concurrent applications. PyPy also offers a stackless version, further expanding its capabilities.

### MicroPython and CircuitPython: Python for Microcontrollers

MicroPython and CircuitPython are Python 3 variants tailored specifically for microcontrollers, including popular platforms like Lego Mindstorms EV3. Their compact design and optimized resource allocation make them ideal for embedded systems and microcontroller-based projects.

### Pyston: Enhancing Execution Speed with JIT Compilation

Pyston presents itself as a variant of the Python runtime that harnesses JIT compilation to accelerate the execution of Python programs. This performance-oriented approach significantly reduces latency and improves overall responsiveness, making it a compelling choice for demanding applications.

### Cinder: A Performance-Oriented Fork of CPython

Cinder, based on CPython 3.8, is a performance-centric fork that incorporates a range of optimizations to boost execution speed. Notable features include bytecode inline caching, eager evaluation of coroutines, and an experimental bytecode compiler, making it a formidable Python implementation for performance-sensitive applications.

### Snek: Python-Inspired, Not Python

Snek Embedded Computing Language is a Python-inspired language that differs significantly from Python itself. It omits OOP/classes, simplifies data types, and specializes in 8-bit AVR microcontrollers. While some Snek programs can run under a full Python system, the majority of Python programs are incompatible with Snek.

### Conclusion

The realm of Python implementations extends far beyond CPython, offering diverse alternatives tailored to specific requirements. PyPy's speed enhancements, Stackless Python's microthreading capabilities, MicroPython's microcontroller compatibility, Pyston's JIT-driven performance, Cinder's optimizations, and Snek's unique embedded approach empower developers to explore new horizons and push the boundaries of Python programming.",Gemini,10
11,Python (programming language) - Implementations - Reference implementation,"**Python's Reference Implementation: CPython**

In the realm of programming languages, Python stands tall as an approachable and versatile tool. At the heart of Python's success lies CPython, the reference implementation that serves as the cornerstone of its development and execution.

**Understanding CPython: The Bridge Between Python and Hardware**

CPython is the primary implementation of Python, written in the C programming language. This choice of implementation provides a robust and efficient platform for compiling Python programs, allowing them to interact with the underlying hardware efficiently. CPython achieves this by translating Python source code into an intermediate bytecode, a platform-independent representation that is subsequently executed by a virtual machine.

**The Virtual Machine: Python's Execution Engine**

The CPython virtual machine acts as the runtime environment for executing Python bytecode. This virtual machine is a powerful abstraction that insulates Python programs from hardware specifics, enabling them to run on a wide range of platforms without the need for platform-specific recompilation. The virtual machine handles memory management, garbage collection, and other low-level tasks, allowing developers to focus on solving problems rather than grappling with machine intricacies.

**CPython's Comprehensive Standard Library**

CPython is not merely an interpreter; it also ships with a vast standard library. This library, written in a combination of C and Python, provides a wealth of ready-to-use modules and functions covering a broad spectrum of functionality, including file I/O, network programming, database access, and much more. The standard library significantly enhances Python's utility by offering a foundation for rapid development and reducing the need for third-party dependencies.

**Portability: Python's Cross-Platform Prowess**

CPython was designed with platform portability in mind. It runs on an impressive array of operating systems, encompassing Windows, macOS, Unix-like systems, and even legacy platforms like OS/2 (support for which has since been discontinued). This cross-platform capability allows Python programs to be developed and deployed across a diverse range of hardware environments, fostering code reusability and facilitating collaboration.

**Conclusion**

CPython, as the reference implementation of Python, embodies the language's core philosophy of usability, versatility, and portability. Its robust design and extensive standard library empower developers with a powerful tool for tackling complex programming tasks across multiple platforms. Whether you're a seasoned Python veteran or just starting your coding journey, CPython stands as the bedrock upon which the Python ecosystem thrives.",Gemini,11
12,Python (programming language) - Development environments,"## Python Development Environments: A Comprehensive Guide

Python is a versatile programming language that is used for a wide range of applications, from web development to data science. To code in Python effectively, it's essential to have an appropriate development environment set up. In this blog, we will dive into the world of Python development environments, exploring the different options available and their key features.

### Command Line Interface (CLI) and REPL

Most Python implementations, including CPython, come with a read-eval-print loop (REPL). This allows you to interact with Python directly from the command line, typing in statements and receiving immediate results. While the CLI is a simple and lightweight option, it lacks features like syntax highlighting and autocompletion.

### Integrated Development Environments (IDEs)

IDEs provide a comprehensive set of tools for Python development, including editors, debuggers, and project management capabilities. They offer a more user-friendly experience compared to the CLI, with features such as:

- Syntax highlighting and autocompletion
- Error checking and debugging
- Code navigation and refactoring
- Project management and version control

Some popular Python IDEs include:

- PyCharm: A feature-rich IDE with support for multiple languages, including Python. It offers advanced features like code completion, refactoring, and debugging.
- IntelliJ IDEA: Another powerful IDE with support for Python and other languages. It provides similar features to PyCharm, including advanced code editing, debugging, and refactoring.
- Visual Studio Code: A lightweight and extensible IDE that supports Python and a wide range of other languages. It offers plugins for various features, including syntax highlighting, autocompletion, and debugging.

### Web Browser-Based IDEs

Web browser-based IDEs allow you to code in Python directly from your browser. They are convenient for those who want to avoid installing software or for collaborative coding projects. Some popular web browser-based IDEs include:

- SageMath: A specialized IDE for developing science- and math-related programs in Python. It includes a built-in notebook interface and a collection of mathematical libraries.
- PythonAnywhere: A browser-based IDE and hosting environment for Python development. It offers features like code editing, debugging, and deployment.
- Canopy IDE: A commercial IDE that emphasizes scientific computing in Python. It includes features like interactive plots, data analysis tools, and integration with Jupyter notebooks.

### Choosing the Right Environment

The choice of Python development environment depends on your specific needs and preferences. If you prefer a simple and lightweight option, the CLI may be sufficient. For more advanced development, an IDE can provide a comprehensive set of tools and features to enhance your productivity. If you need to collaborate on projects or work from anywhere, a web browser-based IDE could be a great option.

### Conclusion

Python development environments offer a range of options to cater to different user requirements. From the simple CLI to feature-rich IDEs and web browser-based environments, there's a solution for every type of Python programmer. By understanding the different options and their key features, you can choose the right environment to optimize your Python development process.",Gemini,12
13,Python (programming language) - Libraries,"## Python's Powerful Ecosystem: Exploring the Extensive Libraries of a Versatile Language

Python's popularity stems not only from its intuitive syntax and versatility, but also from its vast and comprehensive standard library. The standard library is a collection of pre-written modules and classes that provide a wealth of functionality for a wide range of tasks, making Python an incredibly powerful tool for developers.

### Standard Library: A Toolkit at Your Fingertips

The Python standard library boasts a diverse array of modules, covering everything from internet protocols to graphical user interfaces and scientific computations. Here's a glimpse of some key modules:

- **HTTP and MIME**: Manage HTTP requests, handle MIME types, and process multipart forms.
- **Databases**: Interact with various database systems, including PostgreSQL, MySQL, and SQLite.
- **GUI**: Build graphical user interfaces using the tkinter or PyQt5 modules.
- **Math**: Perform precise mathematical operations with the decimal module and work with complex numbers using the cmath module.
- **Randomness**: Generate pseudorandom numbers and shuffle data with the random module.
- **Regular Expressions**: Manipulate and match strings with powerful regular expression patterns.
- **Unit Testing**: Write unit tests to verify the correctness and robustness of your code.

### Third-Party Libraries: Extending Python's Capabilities

Beyond the standard library, the Python ecosystem is further enhanced by the Python Package Index (PyPI), a massive repository of third-party packages that extend Python's functionality even further. With over 523,000 packages available, developers have access to a vast selection of specialized tools for a variety of domains, including:

- **Data Science**: Handle data manipulation, statistical analysis, and machine learning with packages like Pandas, Scikit-learn, and TensorFlow.
- **Web Development**: Build websites and web applications with frameworks such as Django, Flask, and Pyramid.
- **Machine Learning**: Develop and train machine learning models using libraries like scikit-learn and TensorFlow.
- **Automation**: Automate tasks and workflows with packages like Selenium and PyAutoGUI.
- **Game Development**: Create interactive games using PyGame and other libraries.

### Choosing the Right Library: A Matter of Relevance and Efficiency

When selecting libraries, it's crucial to consider their relevance to the specific task at hand. While the standard library provides a solid foundation, third-party libraries often offer more specialized features and functionality. However, it's essential to be mindful of efficiency and avoid using unnecessary libraries that may slow down your code.

### Conclusion

Python's extensive library ecosystem is one of its key strengths, enabling developers to tackle complex projects with ease and efficiency. The standard library provides a versatile foundation, while third-party libraries offer a wealth of specialized functionality. By understanding the vast array of libraries available and selecting the most appropriate ones, developers can unlock Python's full potential and create powerful and innovative solutions.",Gemini,13
14,Python (programming language) - Programming examples,"## Python Programming Examples: A Comprehensive Guide

Python is a versatile programming language known for its simplicity, readability, and wide range of applications. Its extensive library of modules and frameworks empowers developers to tackle complex tasks with ease. To delve deeper into the world of Python, let's explore some fundamental programming examples that showcase the language's capabilities.

### ""Hello, World!"" Program

The quintessential ""Hello, World!"" program is a staple in the world of programming. It simply prints the message ""Hello, World!"" to the console. In Python, this program can be written as follows:

```python
print(""Hello, World!"")
```

### Factorial Calculation

Factorial is a mathematical function that calculates the product of all positive integers less than or equal to a given number. For example, the factorial of 5 is 120 (5 x 4 x 3 x 2 x 1). In Python, we can calculate the factorial of a number using a recursive function:

```python
def factorial(num):
    """"""Calculates the factorial of a given number.""""""
    if num == 0:
        return 1
    return num * factorial(num - 1)

print(factorial(5))  # Output: 120
```

### String Manipulation

Python provides robust string manipulation capabilities. Here are a few common examples:

* **Concatenation:** Combine multiple strings using the `+` operator.
* **Slicing:** Extract a substring using the slicing syntax (`my_string[start:end]`).
* **Searching:** Find a substring within a string using the `find()` method.
* **Replacing:** Replace a substring with another using the `replace()` method.

```python
# Concatenation
print(""Hello"" + "" "" + ""World!"")  # Output: Hello World!

# Slicing
print(""Programming""[0:5])  # Output: Progr

# Searching
print(""Python"".find(""t""))  # Output: 2

# Replacing
print(""Hello, World!"".replace("","", ""_""))  # Output: Hello_World!
```

### List Comprehension

List comprehension is a concise way to create a new list based on existing elements. It allows for efficient filtering and mapping operations.

```python
# Filter even numbers
evens = [num for num in range(10) if num % 2 == 0]  # Output: [0, 2, 4, 6, 8]

# Map numbers to their squares
squares = [num**2 for num in range(5)]  # Output: [0, 1, 4, 9, 16]
```

### Object-Oriented Programming

Python supports object-oriented programming, enabling the creation of classes and objects. Here's an example of a simple class:

```python
class Person:
    def __init__(self, name, age):
        self.name = name
        self.age = age

    def get_info(self):
        return f""Name: {self.name}, Age: {self.age}""

person1 = Person(""Alice"", 25)
print(person1.get_info())  # Output: Name: Alice, Age: 25
```

### Modules and Packages

Python offers a vast collection of modules and packages that extend its functionality. For example, the `numpy` package provides powerful numerical operations:

```python
import numpy as np

# Create a numpy array
arr = np.array([1, 2, 3, 4, 5])

# Calculate the mean
print(np.mean(arr))  # Output: 3.0
```

### Conclusion

These programming examples provide a glimpse into the versatility and power of Python. From simple ""Hello, World!"" programs to complex object-oriented models, Python empowers developers to tackle a wide range of tasks efficiently and effectively. To further enhance your Python skills, explore the extensive documentation, tutorials, and online resources available.",Gemini,14
15,Python (programming language) - Syntax and semantics,"**Python: Syntax and Semantics - A Voyage into the Language of Clarity**

**Introduction**

Python, an esteemed programming language, has captivated developers worldwide with its pristine syntax and intuitive semantics. Its unblemished design empowers programmers to express their ideas with remarkable clarity and efficiency. In this comprehensive blog, we embark on a linguistic voyage, delving into the intricacies of Python's syntax and semantics, unraveling the secrets behind its renowned readability and expressiveness.

**Syntax: The Language of Structure**

Python's syntax adheres to a minimalist approach, favoring readability above all else. Unlike many conventional languages, it dispenses with curly braces to delineate code blocks, opting instead for indentation. This simple yet profound design decision bestows upon Python an unparalleled visual appeal, allowing developers to focus on the essence of their code rather than the intricacies of its structure.

Moreover, Python's syntax is remarkably consistent. Its rules apply uniformly across the entire language, minimizing the potential for unexpected behavior and enhancing the overall predictability of the code. This consistency fosters a sense of familiarity and reduces the cognitive load on developers, enabling them to swiftly navigate and comprehend even the most complex programs.

**Semantics: The Meaning Behind the Code**

Complementing its elegant syntax, Python's semantics provide a robust foundation for expressing complex ideas in a clear and concise manner. Operators, expressions, and statements are meticulously crafted to convey their intended meaning with precision.

For instance, Python's operators emulate the behavior of their mathematical counterparts, simplifying the representation of complex calculations. Expressions, sequences of operators and operands, are evaluated according to well-defined precedence rules, ensuring the unambiguous interpretation of code. Statements, the fundamental units of execution, encompass a wide range of actions, from variable assignments to control flow constructs.

**Simplicity and Clarity: The Cornerstones of Python's Design**

Python's creators prioritized simplicity and clarity above all else, resulting in a language that is both accessible to beginners and potent enough for seasoned professionals. The absence of unnecessary punctuation and the use of indentation as a structural delimiter contribute significantly to its readability.

This unwavering focus on clarity extends to the language's semantics. Each construct is meticulously designed to convey its intended meaning with precision. This clarity not only facilitates code comprehension but also bolsters the language's maintainability, as developers can readily trace the flow of execution and identify potential issues.

**Conclusion**

Python's syntax and semantics form an indissoluble bond, creating a language that is both elegant and expressive. Its minimalist approach to syntax and its clear and consistent semantics empower developers to craft code that is both readable and maintainable. As a result, Python has become a formidable force in the programming landscape, prized for its versatility, readability, and enduring popularity among developers of all levels.",Gemini,15
16,Python (programming language) - Syntax and semantics - Arithmetic operations,"**Python's Arithmetic Operations: A Comprehensive Guide**

**Introduction**

Python, a versatile and widely-used programming language, offers an extensive range of arithmetic operations to manipulate numerical data. These operations adhere to well-defined syntax and semantics, ensuring predictable and consistent results. In this comprehensive blog, we will delve into the intricacies of Python's arithmetic syntax and explore the nuances of its various operators.

**Syntax**

Python employs a simple and intuitive syntax for arithmetic expressions. Binary operators are used to combine two operands, while unary operators are used to operate on a single operand. The operators are listed below:

* **Binary Operators:**
    * **+ (Addition)**
    * **- (Subtraction)**
    * *** (Multiplication)**
    * **/ (Division)**
    * **// (Floor Division)**
    * **% (Modulo)**
    * **** (Exponentiation)**
    * **@ (Matrix Multiplication)**
* **Unary Operators:**
    * **+ (Positive)**
    * **- (Negative)**

**Arithmetic Operators**

Python's arithmetic operators follow the familiar precedence rules from traditional mathematics. For binary operators, exponentiation has the highest precedence, followed by multiplication and division, and finally addition and subtraction. Unary operators have higher precedence than binary operators.

**1. Addition (+) and Subtraction (-)**

The addition (+) and subtraction (-) operators perform as expected, combining two operands to produce a sum or difference, respectively. These operators can also be used as unary operators to indicate the positive or negative value of an operand.

```python
# Addition
result = 5 + 3  # result = 8
# Subtraction
result = 10 - 2  # result = 8
# Unary positive
result = +5  # result = 5
# Unary negative
result = -5  # result = -5
```

**2. Multiplication (*) and Division (/)**

The multiplication (*) and division (/) operators follow the conventional rules of multiplication and division. However, in Python 3 and later, the division operator always performs floating-point division, resulting in a float value.

```python
# Multiplication
result = 5 * 3  # result = 15
# Float division (Python 3+)
result = 5 / 3  # result = 1.6666666666666667
```

**3. Floor Division (//) and Modulo (%)**

The floor division (//) operator returns the quotient of the division as an integer, discarding any remainder. The modulo operator (%) returns the remainder of the division.

```python
# Floor division
result = 5 // 3  # result = 1
# Modulo
result = 5 % 3  # result = 2
```

**4. Exponentiation (**)**

The exponentiation operator (**) performs exponentiation, raising the first operand to the power of the second operand.

```python
# Exponentiation
result = 5 ** 3  # result = 125
```

**5. Matrix Multiplication (@)**

The matrix multiplication operator (@) performs matrix multiplication between two numpy arrays. This operator is available in Python through the NumPy library.

```python
import numpy as np

# Create two matrices
matrix1 = np.array([[1, 2], [3, 4]])
matrix2 = np.array([[5, 6], [7, 8]])

# Matrix multiplication
result = matrix1 @ matrix2  # result = [[19 22], [43 50]]
```

**Floating-Point Division**

Prior to Python 3, the division operator (/) performed classic division, returning an integer result if both operands were integers. However, in Python 3 and later, division always performs floating-point division, resulting in a float value.

```python
# Python 2.x
result = 5 / 2  # result = 2 (integer)

# Python 3+
result = 5 / 2  # result = 2.5 (float)
```

**Rounding**

Python provides the round function for rounding a float to the nearest integer. In Python 3, the round function uses round-to-even tie-breaking, while in previous versions, it used round-away-from-zero.

```python
# Python 3
result = round(1.5)  # result = 2
# Python 2.x
result = round(1.5)  # result = 1
```

**Conclusion**

Python's arithmetic operations provide a robust and flexible means of performing mathematical calculations. By understanding the syntax, semantics, and nuances of these operators, developers can harness the power of Python to solve complex numerical problems effectively. From basic addition to advanced matrix multiplication, Python offers a comprehensive suite of arithmetic tools to meet the needs of a wide range of programming applications.",Gemini,16
17,Python (programming language) - Syntax and semantics - Typing,"## Python Syntax, Semantics, and Typing

Python is a versatile programming language that has garnered immense popularity due to its readability, versatility, and user-friendly syntax. This blog delves into the intricacies of Python's syntax, semantics, and typing, providing a comprehensive understanding of how this language operates.

### Syntax

Python's syntax is known for its simplicity and straightforwardness, making it accessible to beginners and experienced programmers alike. It emphasizes whitespace indentation to define blocks of code, eliminating the need for curly braces or semicolons. This elegant syntax contributes to Python's readability and maintains a clear structure.

### Semantics

Python's semantics govern the meaning and execution of code. It follows a dynamic typing system, meaning that the type of a variable is not declared explicitly but is determined at runtime based on the value assigned to it. This approach offers flexibility and allows for greater expressiveness. However, it also means that type errors can only be detected during program execution, potentially leading to subtle bugs.

### Typing

Despite being dynamically typed, Python still maintains strong typing constraints. It enforces type safety, meaning that operations on objects must be well-defined, preventing nonsensical operations like adding a number to a string. This safeguards against potential errors and ensures program correctness.

Python embraces duck typing, which emphasizes the ""if it walks like a duck and quacks like a duck, it is a duck"" principle. Rather than relying on explicit type declarations, duck typing focuses on the capabilities of an object, allowing objects of different classes to be treated as belonging to the same type if they implement the necessary methods.

### Classes and Object-Oriented Programming

Python supports object-oriented programming, enabling programmers to define their own types using classes. Classes encapsulate data and behavior, allowing for code reusability and modularity. Objects are instances of classes, and they inherit the attributes and methods defined in the class.

Python supports both old-style and new-style classes, with new-style classes being the preferred approach in modern Python versions. These classes provide enhanced flexibility and features, such as metaprogramming and reflection.

### Type Annotations

Python 3.0 introduced optional type annotations, allowing programmers to specify the expected type of variables, parameters, and return values. These annotations are not enforced by the language itself but can be leveraged by external tools for static type checking.

Mypy, a popular type checker for Python, utilizes these annotations to catch errors during code analysis. It also supports mypyc, a compiler that leverages type annotations for optimizations, improving code performance.

### Conclusion

Python's syntax, semantics, and typing combine to create a robust and flexible programming language. Its simple syntax fosters readability, while its strong typing ensures program correctness. Duck typing provides flexibility, and optional type annotations enhance code quality through static type checking. By understanding these concepts, developers can harness Python's full potential to craft efficient and reliable applications.",Gemini,17
18,Python (programming language) - Syntax and semantics - Methods,"## Python Methods: Syntax, Semantics, and Beyond

In the vast landscape of programming languages, Python stands out for its elegant syntax, versatility, and object-oriented prowess. At the heart of this object-oriented nature lie methods, the workhorses that define the behavior of objects and empower them to perform specific tasks.

### Syntax and Semantics: Unveiling Method Mechanics

Method declarations in Python follow a consistent pattern:

```python
def method_name(self, arguments):
    # Method body containing code to be executed when the method is invoked
```

The **self** parameter serves as the gateway for accessing instance-specific attributes and methods, ensuring that methods can seamlessly interact with the data associated with their respective objects. The arguments within the parentheses specify the additional parameters required for the method's operation.

Semantically, methods are functions inextricably linked to a particular class. When invoked using the instance.method() syntax, Python performs a simple transformation, seamlessly converting it to Class.method(instance, arguments). This syntactic sugar streamlines the method invocation process, enhancing code readability and facilitating method chaining.

### Dunder Methods: The Magic of Special Methods

Beyond the realm of conventional methods, Python introduces a special category known as ""dunder methods,"" so named due to their distinctive double-underscore prefix and suffix. These dunder methods serve a crucial role in customizing the behavior of user-defined classes.

**Operator Overloading**: Dunder methods empower classes to define their own behavior when involved in operations like addition (+), comparison (==, !=), and type conversion (str()). By overriding the appropriate dunder methods, classes can tailor their responses to these operations, leading to highly customized and versatile object interactions.

**Special Method Invocation**: The Python interpreter automatically invokes specific dunder methods in response to various operations and scenarios. For instance, calling the len() function on a list implicitly invokes the __len__() dunder method of that list object, seamlessly returning the number of elements it contains.

### Practical Applications: Methods in Action

The versatility of methods manifests itself in a myriad of practical scenarios:

**Encapsulation**: Methods encapsulate logic within objects, promoting data hiding and facilitating code organization. This modular approach fosters maintainability and enhances code reusability across different objects.

**Polymorphism**: Method overriding allows subclasses to redefine inherited methods, providing context-specific implementations while maintaining a consistent interface. This powerful feature underpins Python's dynamic and flexible nature, allowing objects of different types to respond differently to the same method call.

**Operator Overloading**: As mentioned earlier, dunder methods empower classes to handle operators in customized ways. This capability extends the functionality of Python's built-in operators, enabling the creation of classes that can be seamlessly integrated into existing Python code and seamlessly interact with other objects.

### Conclusion

Methods in Python are the driving forces behind object-oriented programming, providing a structured and versatile approach to defining and invoking object-specific behavior. From the straightforward syntax of regular methods to the specialized capabilities of dunder methods, Python offers a comprehensive and customizable framework for modeling real-world entities and interactions. Embrace the power of Python methods to unlock the full potential of object-oriented design and elevate your coding endeavors to new heights.",Gemini,18
19,Python (programming language) - Syntax and semantics - Expressions,"**Expressions in Python: Syntax and Semantics**

Expressions in Python, the ubiquitous programming language, are fundamental building blocks that evaluate to a single value. They form the core of operations and calculations within Python programs. Understanding their syntax and semantics is crucial for effective Python programming.

**Mathematical Operations**

Python's mathematical operators include +, -, *, and **. These operators perform addition, subtraction, multiplication, and exponentiation, respectively. Division, however, has two forms:

* **Floor Division (//):** Divides two numbers and returns the integer quotient, discarding any remainder.
* **Floating-Point Division (/):** Divides two numbers and returns a floating-point result.

**String Operations**

Python provides operators for string manipulation:

* **Concatenation (+):** Joins two or more strings together.
* **Replication (*):** Duplicates a string a specified number of times.

Additionally, the @ infix operator is used by libraries like NumPy for matrix multiplication.

**Walrus Operator (:=)**

Introduced in Python 3.8, the walrus operator assigns values to variables within expressions. It has the syntax:

```
variable := expression
```

**Comparison Operators**

Python uses == for value comparison and is for object identity comparison. Comparison chains are also supported, allowing for expressions like a <= b <= c.

**Boolean Operators**

Python employs and, or, and not as Boolean operators. These operators combine Boolean values to produce a single Boolean result.

**List and Generator Expressions**

Python features list comprehensions, which provide a concise way to create lists based on iterables:

```
[expression for item in iterable if condition]
```

Generator expressions are similar but yield values lazily, making them efficient for large datasets.

**Lambda Expressions**

Lambda expressions in Python define anonymous functions. They have the following syntax:

```
lambda arguments: expression
```

They can only contain a single expression in their body.

**Conditional Expressions**

Conditional expressions evaluate to one of two values based on a condition:

```
x if condition else y
```

This differs from the c ? x : y operator found in other languages.

**Tuples and Lists**

* **Tuples:** Immutable sequences written as (a, b, c). They can be used as dictionary keys due to their immutability.
* **Lists:** Mutable sequences written as [a, b, c]. They cannot be used as dictionary keys and are created with the square brackets notation.

The + operator can concatenate tuples, producing a new tuple containing the elements of both.

**Sequence Unpacking**

Sequence unpacking allows assigning multiple values to variables from an iterable:

```
a, b, c = (1, 2, 3)
```

**String Formatting**

Python provides multiple options for string formatting:

* **Percent Operator (%):** Similar to C's printf format strings.
* **Format Method:** ""spam={0} eggs={1}"".format(""blah"", 2)
* **F-Strings:** f'spam={spam} eggs={eggs}' (introduced in Python 3.6)

**String Literals**

Python supports various string literals:

* **Delimited Strings:** Single or double quotes, both acting the same.
* **Triple-Quoted Strings:** Span multiple lines and are enclosed by three single or double quotes.
* **Raw Strings:** Prefixed with r, they disable escape sequence interpretation.

**Array Slicing**

Python provides array slicing expressions for lists:

```
a[key], a[start:stop], a[start:stop:step]
```

Indexes are zero-based, and negative indexes are relative to the end. Slices do not modify the original list; instead, they create a shallow copy.

**Expression vs. Statement Distinction**

Python strictly differentiates between expressions and statements. While expressions evaluate to values, statements do not. This distinction enforces clarity and prevents common errors found in other languages.

**Conclusion**

Python's expressions offer a wide range of features for performing computations, manipulating strings, and controlling program flow. Understanding their syntax and semantics empowers Python programmers to create efficient and readable code. The expressions explored in this blog are essential building blocks for mastering Python's expressive and versatile syntax.",Gemini,19
20,Python (programming language) - Syntax and semantics - Statements and control flow,"**Python Syntax and Semantics: A Comprehensive Guide to Language Structure**

**Introduction**

Python, a versatile and widely-used programming language, captivates developers with its intuitive syntax and robust semantics. Understanding the language's structure is crucial for effective code development. This blog delves into the core elements of Python's syntax and semantics, empowering you to harness its full potential.

**Syntax: The Language's Grammar**

Python's syntax defines the rules for expressing instructions and data structures in the code. It dictates the arrangement of keywords, symbols, and identifiers, ensuring proper interpretation by the interpreter. Key syntactic elements include:

* **Identifiers:** User-defined names for variables, functions, and classes.
* **Keywords:** Reserved words with specific meanings (e.g., if, for, while).
* **Operators:** Symbols used for performing operations (e.g., +, -, *, %).
* **Indentation:** Mandatory whitespace used to define code blocks and improve readability.

**Semantics: The Language's Meaning**

Semantics refers to the interpretation of code in terms of its underlying meaning and behavior. It defines how statements and control flow mechanisms work within a Python program. Key semantic elements include:

**Statements:**

* **Assignment Statement (=):** Binds a variable to a reference to an object.
* **Conditional Statements (if, elif, else):** Control code execution based on boolean conditions.
* **Loop Statements (for, while):** Iterate over sequences or execute blocks until specific conditions are met.
* **Try-Except-Finally Statements:** Handle exceptions raised during code execution and ensure cleanup code is executed regardless of the exit path.
* **Raise Statement:** Raises an exception for handling by an exception handler.

**Control Flow:**

* **Break Statement:** Terminates loop execution.
* **Continue Statement:** Skips the remaining code in a loop iteration and continues to the next.
* **Pass Statement:** Acts as a placeholder, syntactically required for empty code blocks.
* **Assert Statement:** Checks for conditions that should be true for debugging purposes.
* **Yield Statement:** Returns a value from a generator function and enables coroutine implementation.

**Dynamic Typing and Semantics**

Python employs dynamic typing, meaning variables can hold references to objects of different types. This allows for flexibility but requires careful attention to data type compatibility.

**Conclusion**

Python's syntax and semantics provide a structured framework for expressing code logic and data relationships. Understanding these elements empowers developers to create robust, maintainable, and efficient Python programs. By embracing the language's intuitive syntax and semantic flexibility, you can leverage its full potential for a wide range of programming tasks.",Gemini,20
21,Python (programming language) - Syntax and semantics - Indentation,"## Unraveling Python's Indentation: A Guide to Syntax and Semantics

In the realm of programming languages, Python stands out with its unique approach to code structuring. Unlike its counterparts that rely on curly brackets or keywords to delimit blocks, Python employs a distinctive mechanism known as indentation. This seemingly simple concept holds immense significance in shaping the syntax and semantics of Python code, ultimately influencing the program's behavior and readability.

### What is Indentation?

Indentation refers to the deliberate use of whitespace characters to organize and structure Python code. It serves as a visual cue, indicating the beginning and end of code blocks, thus enhancing code comprehension and readability.

### Why Indentation Matters in Python

Indentation in Python carries profound semantic meaning. It is not merely a stylistic preference but rather an integral part of the language's syntax. The absence or incorrect use of indentation can lead to syntax errors or incorrect program execution.

When a statement is encountered that requires a block of code, such as an `if` or `for` statement, an increase in indentation must follow. Each subsequent line of code within that block must maintain the same indentation level. This indentation signifies the continuation of the current block.

Upon reaching the end of a block, a decrease in indentation is necessary to return to the previous indentation level. This signals the conclusion of the current block and its enclosed code.

### Rules of Indentation

To ensure consistent and proper indentation in Python code, adhering to the following guidelines is crucial:

1. **Consistency:** All code within a block must share the same indentation level.

2. **Indentation Level:** The recommended indentation level is four spaces, although any number of spaces can be used as long as it is consistent throughout the code.

3. **Avoid Mixing Spaces and Tabs:** Mixing spaces and tabs for indentation can lead to errors. It is best to use only spaces or tabs, not both.

4. **No Indentation After Line Breaks:** Lines that end with line breaks should not be indented further.

5. **No Indentation for Single-Line Statements:** Single-line statements, such as function calls or assignments, do not require indentation.

### Benefits of Indentation

Python's use of indentation offers several advantages:

1. **Code Readability:** Indentation makes code easier to read and comprehend by visually separating different code blocks.

2. **Error Detection:** Incorrect indentation often leads to syntax errors, making it easier to identify and fix potential issues.

3. **Maintainability:** Proper indentation improves the maintainability of code by allowing for quick identification of code blocks and their relationships.

4. **Enforcement of Structure:** Indentation ensures that code is structured in a logical and consistent manner, reducing the likelihood of errors.

### Conclusion

Indentation in Python is not merely a matter of aesthetics but rather a fundamental element of the language's syntax and semantics. It plays a vital role in structuring code, enhancing readability, and preventing errors. Understanding and adhering to the rules of indentation is essential for writing clean, maintainable, and error-free Python code. By embracing indentation as an integral part of Python programming, developers can harness its power to create robust and reliable software applications.",Gemini,21
22,Python (programming language) - Design philosophy and features,"**Python: A Versatile Language with a Distinctive Design Philosophy**

Python, a ubiquitous programming language renowned for its versatility and user-friendliness, boasts a unique design philosophy that sets it apart from its peers. This blog delves into the core principles and distinguishing features that have shaped Python's identity and propelled its widespread adoption.

**Design Philosophy: The Zen of Python**

At the heart of Python's design lies the ""Zen of Python,"" a set of aphorisms that encapsulates the language's guiding principles. These maxims, such as ""Beautiful is better than ugly"" and ""Simple is better than complex,"" emphasize the importance of readability, clarity, and simplicity in code.

However, Python's design philosophy is not merely a rigid set of rules. Instead, it serves as a guideline that acknowledges the need for flexibility and pragmatism. The language incorporates features that may diverge from these principles, such as generators and decorators, to enhance expressiveness and improve code execution.

**Object-Oriented and Functional Programming**

Python is a multi-paradigm language that seamlessly integrates object-oriented and functional programming paradigms. Programmers can leverage classes and inheritance for object-oriented design, while functional programming concepts such as lambda expressions, list comprehensions, and iterators provide a concise and declarative approach to code.

**Dynamic Typing and Garbage Collection**

Python employs dynamic typing, meaning that the type of a variable is determined at runtime rather than at compile time. This flexibility simplifies code development but requires careful attention to data types to avoid errors.

Memory management in Python is handled by a combination of reference counting and a cycle-detecting garbage collector. Reference counting tracks the number of references to an object, and when the count reaches zero, the object is automatically deleted. The garbage collector detects circular references that cannot be deleted by reference counting and removes them accordingly.

**Extensibility and Modularity**

One of Python's defining characteristics is its extensibility. The language provides an extensive standard library and allows users to create custom modules to extend its functionality. This modularity makes Python highly adaptable to diverse application domains, such as web development, data science, and machine learning.

**Focus on Readability and Elegance**

Python strives for a clean and uncluttered syntax. Its emphasis on readability prioritizes code that is easy to understand and maintain. The language encourages the use of consistent indentation, descriptive variable names, and avoidance of unnecessary complexity.

**""There Should Be One—and Preferably Only One—Obvious Way to Do It""**

This phrase, often attributed to Python's creator Guido van Rossum, reflects the language's preference for a single, straightforward approach to solving problems. While Python offers multiple ways to achieve the same outcome, it encourages developers to adopt the most common and intuitive method.

**Avoiding Premature Optimization**

Python's developers prioritize code clarity over premature optimization. They believe that premature optimization can lead to premature pessimization, and that performance issues should be addressed only when they become evident. This approach favors code that is easy to understand and maintain, with performance enhancements deferred until necessary.

**Fun to Use**

Python's commitment to user-friendliness extends to its design philosophy. The language's name, a tribute to the British comedy group Monty Python, reflects its playful and approachable nature. Tutorials and reference materials often incorporate humor and creativity to make learning and using Python enjoyable.

**Conclusion**

Python's distinctive design philosophy, characterized by its emphasis on readability, flexibility, and extensibility, has made it a beloved programming language among developers worldwide. Its ability to support multiple paradigms, its dynamic typing and garbage collection, its rich standard library, and its focus on clarity and simplicity have contributed to its widespread adoption in diverse domains. As Python continues to evolve, its core principles will undoubtedly continue to guide its development, ensuring its enduring popularity and versatility.",Gemini,22
23,Python (programming language) - History,"**Python: A Journey Through History**

Python, one of the most widely used programming languages today, has a rich and fascinating history that has shaped its evolution into the robust and versatile tool we know today.

**Origins and Inspiration**

Python's roots can be traced back to the late 1980s, when its creator, Guido van Rossum, began working on a successor to the ABC programming language. Inspired by languages like SETL and Amoeba, Python was designed to be a general-purpose language that could handle exception handling and interfacing with operating systems.

**Early Development and Sole Leadership**

Van Rossum dedicated himself to Python's development as its sole lead developer until 2018. During this time, he oversaw the implementation of the language and its major releases. The first version of Python, Python 0.9.0, was released in 1991.

**Python 2.0 and Major Advancements**

Python 2.0, released in 2000, introduced several significant features that solidified its position as a powerful and versatile language. These included list comprehensions, cycle-detecting garbage collection, reference counting, and Unicode support.

**Python 3.0 and a New Era**

Python 3.0, released in 2008, marked a watershed moment in the language's history. It introduced sweeping changes in syntax, semantics, and the standard library. To ease the transition, many of Python 3's features were backported to Python 2.6.x and 2.7.x.

**Community Involvement and Governance**

In 2018, Van Rossum announced his retirement from Python's leadership, passing the torch to a five-member Steering Council elected by the active Python core developers. This move signaled a shift towards a more community-driven approach to the language's development and governance.

**End of Life and Ongoing Support**

Python 2.7, the last major version of Python 2, reached its end-of-life in 2020. However, unofficial Python implementations like PyPy continue to support Python 2.7 and provide security updates.

**Python 3.8 and Beyond**

Python 3.8, released in 2019, introduced new features such as positional-only parameters, f-strings, and the dataclasses module. Subsequent releases, including Python 3.10, 3.11, and 3.12, have continued to expand Python's capabilities with features like structural pattern matching, type hints, and improved error handling.

**Python's Future**

Python's popularity and versatility continue to grow, making it an indispensable tool for developers in various fields. As the Python community looks ahead, ongoing development efforts focus on improving performance, enhancing security, and expanding the language's capabilities through new features and syntax.

With its rich history and ongoing evolution, Python remains a vibrant and influential programming language that empowers developers to create innovative and impactful applications.",Gemini,23
