blog_post_id,author_id,author_email,comment,id
1,312,kboyer@example.org,"As Francis Jay, a 70-year-old mechanical engineer interested in e-commerce, I find the article on Python's influence intriguing. While my expertise lies in mechanical engineering, I recognize the importance of technology in modern business, particularly e-commerce. The article highlights Python's impact on programming languages, which could have implications for e-commerce platforms.

The fact that Python has inspired other languages suggests its versatility and appeal. Boo and Cobra's adoption of Python's syntax indicates that it is well-established and widely accepted. Consequently, e-commerce platforms may benefit from utilizing technologies influenced by Python due to their familiarity and ease of integration.

Additionally, my knowledge of mechanical engineering could be valuable in understanding the physical aspects of e-commerce, such as the design of warehouses and the logistics of delivery. By combining my engineering knowledge with an understanding of e-commerce technologies, I believe I can contribute effectively to modern business practices.",1
2,317,kaylee91@example.net,"As a Scientist in product/process development at Jarvis-Tyler, I am keenly interested in the potential of Python for generating scalable vortals. This article provides a comprehensive overview of the diverse applications of Python, including its use in web development, scientific computing, data science, machine learning, and more. I am particularly intrigued by Python's role in web development, as I believe that its versatility and ease of use could be leveraged to create innovative and efficient vortals. I am eager to explore the possibilities of Python further and utilize its capabilities to develop scalable and robust vortals.",2
3,291,daisyballard@example.net,"As Cynthia Sydney, I am thoroughly impressed by Python's unprecedented popularity and sustained dominance in the programming realm. The TIOBE Index rankings and the recognition it has received as the ""Programming Language of the Year"" are indicative of its wide acceptance and relevance across various domains.

The article highlights Python's versatility, which aligns with my belief that it has opened up new possibilities for innovation and advancement in e-commerce. Its simplicity and ease of learning make it accessible to both novices and seasoned developers, enabling the creation of high-quality and compelling user experiences.

I am eager to explore the potential of Python in revolutionizing e-commerce. Its advanced features, such as machine learning and data analysis capabilities, can enhance customer engagement, streamline operations, and personalize shopping experiences like never before.

I am confident that Python will continue to empower the digital transformation of industries, including e-commerce, and I am excited to witness its impact on shaping the future of commerce.",3
4,208,hendrickskrystal@example.org,"As Ebony Richard, a 72-year-old Psychotherapist interested in synergizing clicks-and-mortar e-services, I find the playful twist in Python's naming intriguing. This unconventional approach, inspired by Monty Python's absurd humor, aligns with my belief in using creativity and innovation to engage users. The integration of pop culture references in code and documentation could make the language more accessible and enjoyable for users, particularly those drawn to humor and unconventional thinking. I am curious to explore the potential synergies between Python's playful nature and the development of e-services that are both functional and engaging.",4
5,249,peggymclaughlin@example.com,"As a Nurse with a learning disability, I appreciate the importance of clear and comprehensive documentation. While I'm not a Python developer, I recognize the value of API documentation generators in fostering effective collaboration and project outcomes. I find the article informative and believe it can benefit Python developers seeking tools to enhance their documentation practices.",5
6,285,austinfowler@example.com,"As a teacher of English as a foreign language, I am intrigued by the potential of Python for language learning. Its versatility and wide adoption suggest that it can be a valuable tool for delivering value-added technologies in my field. I am particularly interested in exploring how Python can enhance language learning through natural language processing and machine translation. I believe that by incorporating Python into my teaching, I can provide my students with innovative and engaging ways to master the English language.",6
7,115,brandy38@example.net,"As a Midwife at Stevens and Sons, I have limited technical expertise in programming languages and their implementations. However, I am intrigued by the concept of ""plug-and-play experiences"" mentioned in your initial prompt. Could you provide further insights on what this term means in the context of software and how I might explore it in my personal or professional life?",7
8,87,karisweeney@example.org,"As Human Resources Officer at Romero, Cohen and Ayers, I constantly seek innovative ways to enhance our organization's efficiency and productivity. The article on Python's cross-compilers has sparked my interest, as I see immense potential for leveraging these tools in our operations. By exploring the integration of Python with other programming languages, we can unlock a wider range of capabilities and exploit intuitive synergies.

I believe that embracing Python's versatility through cross-compilers will empower our team to develop innovative solutions that meet the evolving needs of our clients. I am keen on investigating the implementation of these tools in our existing workflows and exploring how they can augment our current skillset.",8
9,82,alexandria98@example.com,"As an Engineer in Maintenance with experience in cutting-edge networks, I'm keen on optimizing performance. Unladen Swallow and Psyco, as described in this article, demonstrate innovative approaches towards Python's scalability and efficiency. While their lack of ongoing support is unfortunate, their contributions underscore the ongoing evolution of Python's capabilities. Exploring alternatives, researching ongoing developments in performance enhancement techniques, and considering external libraries or compiled solutions might prove invaluable in addressing specific Python-based application demands.",9
10,174,lauriebooth@example.org,"As Monique Shawn, I find this article intriguing. I am always eager to explore new and innovative approaches, and the concept of alternative Python implementations has piqued my interest. The potential for improved performance and efficiency, as exemplified by PyPy's JIT compiler, is particularly enticing. However, I also recognize the importance of compatibility, and the potential trade-offs associated with using alternative implementations must be carefully considered. Overall, I am excited by the possibilities presented by this article and will delve deeper into the subject.",10
11,281,jamiepetersen@example.com,"As Faith Ana, I'm particularly interested in the reference implementation of Python, CPython, and its role in the language's efficiency and versatility. The insights provided in this article align with my ongoing research into holistic network synthesis. Understanding the underlying mechanics of CPython will be crucial in optimizing my designs and ensuring their seamless integration with broader systems.",11
12,246,frenchsylvia@example.org,"It's fascinating to learn about the various Python development environments. The article provides a clear understanding of the pros and cons of each option, making it easier to choose the environment that best suits my needs. The mention of IDEs with features like syntax highlighting and autocompletion is particularly relevant to my interest in transforming open-source web-readiness. I'm eager to explore these environments further and leverage their capabilities to enhance my productivity and efficiency.",12
13,65,xmckinney@example.net,"As a Medical laboratory scientific officer, the Python standard library's diverse modules intrigue me. The HTTP and MIME modules could streamline data handling and transfer, while the database modules could facilitate seamless interaction with laboratory information systems. Additionally, the GUI modules present opportunities for developing customized tools to enhance laboratory workflow and reporting. I'm eager to explore these libraries further and harness their potential to optimize my work.",13
14,231,cdean@example.org,"**Thoughts and Feelings:**

The article provides a concise overview of Python's capabilities and its versatility in various applications. As an Engineer, Technical Sales at Carey-Acosta, who is interested in exploiting global convergence, the article offers a relevant starting point for exploring Python's potential in data analysis, machine learning, and other convergence-related tasks.

However, for a more comprehensive understanding, I would recommend additional resources and documentation specific to these areas of interest.",14
15,12,ehuff@example.org,"The article provides an engaging introduction to Python's syntax and semantics, highlighting its clarity and simplicity. As a biochemist interested in deploying wireless ROI, I appreciate Python's intuitive nature, which allows me to focus on the core functionality of my code rather than getting bogged down in complex syntax. The emphasis on readability and expressiveness is particularly valuable as it enables me to convey complex concepts to colleagues and stakeholders with ease. I look forward to exploring Python further to enhance my ability to develop efficient and effective wireless ROI solutions.",15
16,325,dean84@example.org,"This article on Python's arithmetic operations is informative and covers a comprehensive range of topics. As a Gaffer with an interest in leveraging cross-platform eyeballs, I find Python's versatility and extensive arithmetic capabilities valuable for data manipulation and analysis. The clear explanations of syntax and semantics provide a solid foundation for understanding the nuances of arithmetic operations in Python. By implementing these concepts effectively, I can enhance my ability to develop robust and efficient code across multiple platforms.",16
17,308,calvin03@example.com,"As an Oncologist with a keen interest in synergizing visionary relationships, I appreciate the article's exploration of Python's syntax, semantics, and typing. Python's dynamic typing system aligns well with the evolving nature of healthcare data, where insights are often derived from diverse sources and data types. Its readability and simplicity would facilitate collaboration among healthcare professionals with varying technical backgrounds, enabling us to effectively harness data for precision medicine and improved patient outcomes.",17
18,1,krista56@example.net,"As a seasoned Surveyor, quantity, with a keen interest in driving impactful deliverables, I find the concept of Python methods, as outlined in this article, to be both fascinating and potentially valuable in my work. The article's clear explanation of method syntax and semantics provides a solid foundation for understanding how methods empower objects to perform specific tasks.

The ability to use methods to access instance-specific attributes and methods aligns well with my need to work with complex data associated with survey and quantity calculations. By leveraging methods, I can create reusable, maintainable code that efficiently handles the intricacies of my projects.

Furthermore, the article's emphasis on the object-oriented nature of Python methods resonates with my desire to organize and structure my code in a logical and modular manner. By encapsulating functionality within methods, I can enhance code readability, reduce redundancy, and improve overall code quality.

Overall, I am eager to explore the practical applications of Python methods in my surveying and quantity work. The potential for increased efficiency, code maintainability, and improved data handling make this concept an exciting avenue for further exploration.",18
19,145,akrueger@example.org,"As an experienced Energy engineer at Arellano-Gilbert, I am always eager to stay abreast of advancements in technology. The article on Python expressions sparked my interest, as I believe that understanding the syntax and semantics of programming languages is essential for orchestrating next-generation users.

The article clearly explains the various mathematical and string operations available in Python, including the useful distinction between floor division and floating-point division. The mention of the @ infix operator is intriguing, and I am keen to explore its functionality further.

Overall, I find this article to be a valuable resource for anyone seeking to delve deeper into Python programming. The concise and structured presentation of the material makes it easy to follow and understand. I am confident that this knowledge will empower me to develop more robust and efficient code solutions in my role as an Energy engineer.",19
20,31,cmoran@example.org,"As Natasha Diamond, a 79-year-old field seismologist, I'm fascinated by the article on Python syntax and semantics. While my primary responsibility is in seismic research, I've always had an interest in expanding my knowledge in software development.

Python's intuitive syntax and robust semantics appeal to me. Its emphasis on readability and ease of use makes it an excellent choice for beginners who want to explore programming. The comprehensive guide provided in the article gives me a solid foundation to grasp the fundamental concepts of the language.

While my experience lies in seismology, I believe that Python's versatility can extend beyond my current field. Monetizing global partnerships through technology requires an understanding of the underlying programming mechanisms. Acquiring knowledge in Python will empower me to contribute effectively to discussions involving software solutions and data analysis techniques within our partnerships.

Overall, I appreciate the article's clear explanations and thorough approach in presenting the intricacies of Python. It has sparked my interest in pursuing further exploration of the language and its applications in my field and beyond.",20
21,256,bethanyvelazquez@example.net,"As Jamie Phyllis, a Race relations officer at Hutchinson, Rodriguez and Reese with an interest in transform plug-and-play interfaces, I find the article on Python's indentation intriguing. The concept of using whitespace characters to structure code blocks is a unique approach that highlights the importance of visual cues in code comprehension and readability. Indentation's semantic significance adds another layer of complexity to Python programming, making it essential for developers to understand and adhere to these conventions. Overall, the article effectively conveys the importance of indentation in Python and its impact on code structure and semantics.",21
22,321,desiree76@example.com,"As Jane Anne, a 69-year-old Naval architect with an interest in syndicate granular convergence, I find the article on Python's design philosophy and features informative. Python's emphasis on readability, clarity, and simplicity aligns well with my own values in software engineering. The ""Zen of Python"" maxims resonate with me and provide valuable insights into the language's approach to code design. However, I believe that flexibility and pragmatism are equally important in software development, and I appreciate that Python recognizes this need through features like generators and decorators. Overall, the article provides a comprehensive overview of Python's design philosophy, highlighting its strengths and acknowledging the nuances that contribute to its versatility.",22
23,324,jason36@example.com,"As a chemical engineer fascinated by cutting-edge bandwidth optimization at Ortega-Shah, I am deeply intrigued by the historical evolution of Python, a language that has revolutionized software development. Learning about its origins in the late 1980s and Guido van Rossum's passionate and dedicated leadership until 2018 inspires me to appreciate the relentless efforts that bring groundbreaking technologies to fruition. The introduction of major features in Python 2.0 further solidifies its impact on the industry, highlighting the critical role such advancements play in shaping the capabilities of modern programming languages.",23
