first_name,last_name,age,email,phone,interests,postal_code,organization,profession,id
Kenneth,Ernest,63,krista56@example.net,(906)385-9468x695,leverage impactful deliverables,47455,Ingram Ltd,"Surveyor, quantity",1
Joanna,Jacob,69,alvin82@example.net,+1-206-728-2911x35135,streamline vertical functionalities,16140,Foley-Pace,Ceramics designer,2
Emily,Marcus,20,josekidd@example.com,447.884.7253,harness sticky solutions,37362,Rice PLC,Music therapist,3
Damon,Cynthia,72,guzmanjanice@example.com,561-753-6958,streamline bleeding-edge e-tailers,08524,King-Barker,Mudlogger,4
Robin,Kaylee,74,pedro45@example.org,(447)230-7687x22677,repurpose one-to-one partnerships,49940,"Sanchez, Carter and Moss",Architectural technologist,5
Brianna,Barbara,77,debbie91@example.net,5637999885,extend enterprise communities,19681,"Schroeder, Mullen and Chapman",Community pharmacist,6
Terri,Daryl,69,thorntonjohnathan@example.org,627-268-6866x149,integrate best-of-breed communities,11311,Blevins Ltd,Geographical information systems officer,7
Darlene,Nancy,46,bethany92@example.org,357.808.6155,grow seamless deliverables,07495,Thornton LLC,Soil scientist,8
Leslie,Anne,43,lunalauren@example.org,820.495.9819,whiteboard web-enabled deliverables,30843,"House, Ball and Green",Health service manager,9
Monique,Frederick,58,erika28@example.com,(315)840-3887,productize impactful vortals,54390,Coleman Ltd,Ergonomist,10
Marco,Helen,79,parrishjoseph@example.net,001-614-263-7016x0862,aggregate holistic markets,97152,Farrell-Stuart,"Programme researcher, broadcasting/film/video",11
Sean,Carrie,24,ehuff@example.org,+1-215-891-0296x761,deploy wireless ROI,20685,Huynh-Cole,"Biochemist, clinical",12
Yolanda,Gilbert,42,owalker@example.net,+1-774-676-5462x7520,harness cutting-edge relationships,12368,"Herring, Leach and Vazquez",Technical brewer,13
Bryce,Tony,88,kpennington@example.com,+1-266-841-7134,exploit dynamic architectures,97226,Daniel PLC,Television camera operator,14
Jonathan,Albert,90,edward77@example.net,752.566.0538,drive open-source vortals,86964,Hays-Jacobson,Animal nutritionist,15
Thomas,Alexandra,68,nicholeboyer@example.com,(555)913-8769,maximize strategic models,60253,"Woodard, Davidson and Barker",Arts administrator,16
Jaclyn,Lonnie,48,usosa@example.net,365.499.3398,synthesize cutting-edge portals,38424,"Kim, Camacho and Dominguez",Forest/woodland manager,17
Raymond,Paula,68,helencummings@example.net,773.883.7314,enable visionary e-markets,06538,Dickerson-Pham,Public librarian,18
Carol,Erin,61,miranda30@example.com,826.372.4071x1959,leverage cross-platform metrics,38559,Shields-Chaney,Financial manager,19
Raven,Alvin,31,garrettjoseph@example.net,804.598.0883,mesh magnetic eyeballs,61006,Gibson Group,Human resources officer,20
Jon,Christina,63,andrejohnson@example.org,321.940.6885,benchmark innovative applications,36188,Patterson Inc,Games developer,21
Yvette,Alex,71,whardy@example.org,(247)812-6313x31253,integrate next-generation metrics,40251,Dickson-Chung,Aid worker,22
Tyrone,Martha,26,donaldsonmercedes@example.com,(275)736-9212x884,facilitate scalable partnerships,67025,Barajas-Boone,Advertising account planner,23
Norma,Manuel,75,alejandroperry@example.org,(655)844-5463,visualize dot-com info-mediaries,67968,Spence PLC,Drilling engineer,24
Benjamin,Jay,64,sonyahaas@example.org,001-697-542-4625,strategize ubiquitous functionalities,10352,Rios-Stafford,Merchant navy officer,25
Tara,Rachel,33,neilchaney@example.net,001-540-372-4449x509,innovate value-added vortals,36890,"Ali, Dougherty and Freeman",General practice doctor,26
Andrew,Holly,86,tyrone67@example.org,322.691.2658,architect seamless experiences,61690,"Jennings, Duarte and Mullins",Retail buyer,27
Kendra,Angel,44,clayton17@example.org,832.791.1153x45383,mesh magnetic deliverables,39466,Kent Inc,"Therapist, music",28
Donald,Becky,90,haynesalexander@example.com,001-350-479-0804x869,strategize interactive communities,73838,Noble LLC,"Geologist, engineering",29
Edward,Monica,67,shawbrian@example.net,350.840.4516,strategize cross-media vortals,93439,Cowan-Spence,Quality manager,30
Natasha,Diamond,79,cmoran@example.org,001-463-920-8606,monetize global partnerships,66959,"Short, Zavala and Cross",Field seismologist,31
Donna,Hannah,86,bergemma@example.net,916.382.8612x007,cultivate end-to-end schemas,57190,"Mills, Rose and Clay",Clinical cytogeneticist,32
Meagan,Maxwell,75,emily50@example.net,559.466.8733x1037,target extensible info-mediaries,02918,Wheeler-Todd,"Scientist, research (maths)",33
Cheryl,Kevin,65,joshuamunoz@example.com,2797802006,cultivate efficient mindshare,18819,Young-Mueller,Actor,34
Jean,Dennis,74,yvonne98@example.net,593-709-8009x81784,repurpose rich bandwidth,21753,Little-Benton,Broadcast engineer,35
Alfred,Brendan,21,joykane@example.net,(794)830-7942,harness cross-media synergies,59663,"Bullock, Becker and Graham","Engineer, manufacturing",36
Holly,Sheena,20,tricia63@example.net,315.267.3977x9290,seize user-centric interfaces,64067,Mcintosh Ltd,Forensic psychologist,37
Haley,Miranda,19,murrayandre@example.com,220-920-0844x735,unleash robust architectures,61127,Morton Ltd,"Sound technician, broadcasting/film/video",38
Alisha,Rebecca,67,flemingmeagan@example.net,001-647-430-7865x3817,drive killer e-business,91176,Wyatt-Cain,Camera operator,39
Kevin,Makayla,56,broy@example.com,723-781-6811x82231,empower revolutionary ROI,04975,Robertson Ltd,"Exhibitions officer, museum/gallery",40
Ronald,Mackenzie,55,mirandarios@example.org,001-408-534-3928,evolve proactive e-tailers,30882,Garner-Holden,"Therapist, occupational",41
Tiffany,Kristie,66,cheyenne16@example.net,4018192392,streamline B2B infrastructures,03849,Austin-Daugherty,Trading standards officer,42
Lorraine,Hayley,51,cmejia@example.com,001-686-887-6719,deploy ubiquitous methodologies,93220,Farley Inc,Paramedic,43
Margaret,Stacy,34,hodgescolin@example.org,(982)995-8138x483,streamline impactful solutions,47367,Burnett and Sons,"Scientist, research (maths)",44
Monica,Ross,30,jeffpatton@example.com,(813)329-9975,synthesize 24/365 info-mediaries,86291,Farley-Roy,"Designer, television/film set",45
Tasha,Johnathan,79,tracisimon@example.net,490.450.5334,utilize distributed e-markets,64009,Bradshaw PLC,"Engineer, energy",46
Jack,Krystal,28,kayla74@example.net,456-252-9928x14726,enhance plug-and-play markets,07518,Meyers-Vang,Product designer,47
Matthew,Pamela,20,randalljenna@example.com,+1-344-598-5473x65167,unleash front-end communities,08558,Daniel-Benton,Bookseller,48
Frances,Gregory,79,gillespienorma@example.net,617-301-7180,transform innovative interfaces,52091,Finley-Valentine,Sports administrator,49
Haley,Ruth,63,carolyndavis@example.net,(568)519-8825,incentivize visionary infrastructures,75203,"Harrison, Booth and Landry",Tour manager,50
Sarah,Donna,74,awoods@example.com,(272)448-7724,incentivize turn-key solutions,77743,Garner Inc,"Therapist, speech and language",51
William,Rachael,42,ian43@example.org,+1-638-346-6345x2239,engineer vertical experiences,47304,Lowery-Hernandez,Plant breeder/geneticist,52
Breanna,Maria,25,hendrixlatasha@example.org,385.221.4612,orchestrate collaborative synergies,89315,Love-Sherman,Mental health nurse,53
Brittney,Ryan,39,robert64@example.com,920-573-7078x0740,harness impactful schemas,28001,Koch-Soto,Visual merchandiser,54
Tasha,Ian,67,claire23@example.net,+1-760-242-0227x812,harness collaborative platforms,59643,"Rose, Lutz and Pennington",Television camera operator,55
Clifford,Greg,64,cheryl92@example.org,701.471.3175,harness transparent e-commerce,07622,"Lucero, Fitzpatrick and Morrison",Proofreader,56
Cassie,Erik,81,norrisbeverly@example.org,001-979-449-4482x259,integrate ubiquitous e-tailers,84155,Parrish Inc,"Engineer, control and instrumentation",57
Marco,Ellen,45,baileyalvin@example.com,420-963-2248x42535,innovate end-to-end interfaces,98196,York LLC,Cartographer,58
Makayla,Cameron,83,jacobpearson@example.net,675.817.9310x549,reinvent integrated networks,95066,"Hendricks, Koch and Foley",Barista,59
Alyssa,Vernon,47,kaylarich@example.org,001-292-346-7217x79419,innovate bricks-and-clicks initiatives,44096,Trevino-Foley,"Conservation officer, nature",60
Jillian,Jared,94,howard01@example.net,549-708-4873x703,envisioneer collaborative solutions,69440,Mclean-Crawford,Writer,61
Timothy,Kelli,40,moodylynn@example.org,9793946162,facilitate e-business web-readiness,15240,Taylor-Kaufman,"Geneticist, molecular",62
Melanie,Kristie,91,tmccall@example.net,3857067515,synergize dot-com paradigms,98362,"Weeks, Merritt and Kline","Teacher, secondary school",63
Nicolas,Shari,37,devon10@example.org,654.542.5286x079,visualize value-added convergence,75405,Gibbs-Rubio,Educational psychologist,64
Rebecca,Joanne,72,xmckinney@example.net,+1-628-465-9546x5799,scale open-source action-items,88252,Salinas-Mcdaniel,Medical laboratory scientific officer,65
Angie,Joyce,35,savannahriggs@example.org,+1-651-588-5882x3445,orchestrate extensible experiences,14843,Shaw PLC,"Geologist, wellsite",66
Martin,Erin,32,ivan54@example.net,8086224074,integrate proactive applications,22914,Anderson-Lane,"Teacher, music",67
Yesenia,Christy,94,michelle11@example.org,454-398-3639x1239,enable front-end architectures,79350,"Gross, Thornton and Blackburn",Clinical psychologist,68
Harold,Micheal,55,dominique70@example.com,568.993.6580,strategize compelling interfaces,32885,Harmon-Odonnell,"Designer, textile",69
Kenneth,Vernon,81,zibarra@example.com,001-609-275-9320x2854,incentivize enterprise interfaces,80185,"Spencer, Kramer and Mcguire",Call centre manager,70
Kathryn,Jeffrey,44,jonathan58@example.com,740-910-2689,engage dot-com functionalities,33612,Howard and Sons,Community arts worker,71
Raven,Julia,24,kmoran@example.com,381.381.5810x8670,unleash front-end users,34017,"Dillon, Hammond and Hopkins","Editor, commissioning",72
Charlene,Isaiah,33,judybrowning@example.net,298-924-9678x2639,reinvent efficient portals,27137,Gates and Sons,"Engineer, technical sales",73
Jaime,Terrance,49,carrollmisty@example.net,880-605-6434,aggregate seamless partnerships,58793,Brandt LLC,"Nurse, mental health",74
Jason,Todd,83,yvonnehuang@example.org,4243594028,target frictionless web-readiness,55440,Paul-Foster,Air cabin crew,75
Kristen,Glen,65,madelinewagner@example.org,001-805-380-8973x5681,redefine collaborative platforms,62465,Galvan Inc,Cabin crew,76
Kiara,Juan,83,coltonmejia@example.com,001-388-341-4256x267,orchestrate robust niches,74779,Mcclain LLC,Toxicologist,77
Mathew,Trevor,21,zrobles@example.net,882.607.2433,synthesize sticky relationships,89657,"Sandoval, Mcdowell and Calderon",Adult guidance worker,78
Katelyn,Marvin,65,janet04@example.com,(713)353-9241,strategize virtual content,36508,Browning PLC,Food technologist,79
Nicolas,Xavier,50,vphelps@example.com,+1-901-411-4231x40345,reinvent viral networks,24296,Kline Inc,Production engineer,80
Jeanne,Travis,84,ryanhoward@example.net,(422)951-0952,empower vertical interfaces,92160,Mendez-Villegas,"Engineer, mining",81
Kristina,Gabriel,65,alexandria98@example.com,459.322.8285,harness cutting-edge networks,88655,Hamilton LLC,"Engineer, maintenance",82
Steve,Christopher,65,alisonnorton@example.net,226.959.7781x9898,expedite web-enabled e-tailers,50800,Vaughn PLC,"Designer, blown glass/stained glass",83
Hailey,Sean,45,ayalaangel@example.org,+1-402-298-8671x6658,enhance back-end interfaces,63435,"Rivas, Terry and Austin",Magazine journalist,84
Tricia,Alyssa,42,marilyn03@example.org,(365)509-9485x29718,syndicate best-of-breed synergies,14568,Blankenship-Soto,Aeronautical engineer,85
Phyllis,Hector,20,zramirez@example.net,505-617-9887x0562,repurpose dot-com supply-chains,05676,Hanson-Spears,"Designer, furniture",86
Angelica,Dean,72,karisweeney@example.org,535.239.5281,exploit intuitive synergies,56968,"Romero, Cohen and Ayers",Human resources officer,87
Stephen,Albert,69,mason12@example.net,001-665-359-1835,benchmark wireless functionalities,57794,Harrell Ltd,Ophthalmologist,88
Theresa,Frederick,88,pottsdebbie@example.net,822-404-7055x286,drive sticky communities,17868,Gallegos Ltd,Estate manager/land agent,89
Glenda,Charles,29,nbowers@example.org,(249)644-6949,visualize customized deliverables,75864,"Fischer, Suarez and Ray",Mudlogger,90
Tristan,Nichole,64,alejandragallegos@example.org,446-293-9535x18806,reinvent interactive convergence,30653,"Cooke, Hoover and Wells",Graphic designer,91
Eduardo,Marc,88,timothynorris@example.com,675-988-2347x3517,transform scalable methodologies,76529,"Aguilar, Patton and Faulkner","Producer, television/film/video",92
Willie,Lacey,68,barrsophia@example.net,9824536630,cultivate viral systems,43359,Harding LLC,Publishing copy,93
Katie,Adrian,72,owengeorge@example.org,786-338-6147x9251,maximize e-business users,54550,"Logan, Frye and Hatfield",Quarry manager,94
Caitlin,Evan,65,gonzalezperry@example.net,001-789-388-0825x51168,morph end-to-end initiatives,77254,Rogers-Cline,"Loss adjuster, chartered",95
Cameron,Kristi,22,weeksmikayla@example.org,+1-785-292-8039x006,whiteboard best-of-breed web services,21423,Riley-Whitaker,"Administrator, education",96
Jordan,Matthew,93,meghanpierce@example.com,990.591.8515x4707,harness dynamic applications,65105,"Daugherty, Glover and Davis",Records manager,97
Kathleen,Herbert,20,xjefferson@example.net,+1-983-847-7486,grow global portals,38174,Crane-Hancock,Dance movement psychotherapist,98
Adrian,Marilyn,83,barbara13@example.com,861.909.7474x92068,evolve visionary interfaces,92455,"Mcdowell, Mckinney and Conner","Embryologist, clinical",99
Anna,Amanda,47,escobarcarolyn@example.org,518.639.4174x5304,innovate magnetic content,16148,"Burch, Beard and Mclean",Health physicist,100
Lorraine,Sonia,30,glenmcclain@example.org,467.553.9336x58893,deploy user-centric web-readiness,07058,"Lawson, Freeman and Bullock",Agricultural consultant,101
Roberto,Bradley,46,eadkins@example.com,001-256-935-0889x948,unleash mission-critical e-business,53192,Salazar-Shepherd,"Psychologist, prison and probation services",102
Omar,Bridget,64,debbiehaynes@example.net,(600)585-8730x103,engineer one-to-one partnerships,15587,Mckenzie-Fleming,Statistician,103
Mandy,Terry,95,jenna31@example.org,+1-813-302-5570x30559,morph bricks-and-clicks markets,30467,Campbell and Sons,Geoscientist,104
Ruth,Audrey,77,gabrielle46@example.com,001-361-920-6683,whiteboard killer portals,96132,Molina Group,Building services engineer,105
Rhonda,Grace,42,pgibson@example.com,250-738-9204,reinvent collaborative convergence,39995,Ritter Inc,"Journalist, magazine",106
Don,Dwayne,50,ufrost@example.net,501-227-4173x0261,engage clicks-and-mortar web services,15179,Frye and Sons,Telecommunications researcher,107
Carol,Bethany,18,evan21@example.com,226-584-3687x08050,embrace rich e-business,21579,"Orozco, Bernard and Spencer",Clinical embryologist,108
Erin,Brent,55,hayesanne@example.com,001-754-560-5590,revolutionize innovative action-items,05857,Barr Inc,Arts administrator,109
Kristin,Ashley,45,alexandernicolas@example.net,001-613-563-1811x020,grow open-source e-services,74829,Frye-Reese,Comptroller,110
Isabella,Dorothy,65,umcintosh@example.org,(772)538-7388,iterate end-to-end applications,21465,"Phelps, Petersen and Pham",Chartered management accountant,111
Joshua,Martha,78,harrisronnie@example.net,(275)638-4121x6921,implement 24/365 web services,14851,Mclaughlin PLC,"Teacher, adult education",112
Devon,Bob,24,tracyshepard@example.com,905-231-3780x4050,evolve virtual eyeballs,28869,"Boyer, Lin and Robles","Conservation officer, historic buildings",113
Julian,Whitney,66,cynthiapratt@example.com,521.579.9737,utilize real-time e-business,89414,"Oneill, Meza and Hughes",IT consultant,114
Marco,Tyler,71,brandy38@example.net,001-271-254-4220x518,cultivate plug-and-play experiences,93254,Stevens and Sons,Midwife,115
Stefanie,Carla,67,spham@example.com,314.495.7513,transform revolutionary channels,75215,Flowers-Evans,Drilling engineer,116
Maxwell,Troy,30,kenneth03@example.org,+1-209-593-9520x5163,orchestrate virtual info-mediaries,32171,Silva and Sons,"Scientist, physiological",117
Walter,Wayne,85,nellis@example.net,(905)682-5906x510,redefine distributed markets,98542,"Hall, Bowen and Rogers","Engineer, maintenance (IT)",118
Lynn,Jerry,91,stacy92@example.net,+1-342-905-3903x4672,benchmark enterprise networks,96489,Berg and Sons,"Designer, industrial/product",119
Deanna,Lisa,42,ssanchez@example.org,001-244-900-5275x8497,facilitate vertical paradigms,69261,Bradford Group,Trading standards officer,120
Deanna,Brandi,24,vincentmisty@example.net,(367)949-8793x3230,embrace distributed interfaces,19542,Mayer-Waller,"Production assistant, radio",121
Glenn,Jeanette,42,kpruitt@example.com,(722)593-1000,empower e-business portals,23486,Brooks-Barrett,"Chemist, analytical",122
Meghan,Bill,18,mcurtis@example.net,+1-422-639-4059x0363,drive mission-critical e-services,86684,Foster and Sons,"Surveyor, mining",123
Theodore,Carolyn,64,yvonneshields@example.com,865.498.4685,whiteboard seamless architectures,13318,Garza-Roach,Quarry manager,124
Patty,Faith,52,vstewart@example.com,216.454.8037x638,implement vertical relationships,01468,Johnston Group,"Therapist, occupational",125
Carrie,Bob,46,jenny50@example.net,(901)435-5280x0170,seize back-end eyeballs,11660,Mckee Ltd,"Psychologist, sport and exercise",126
Sabrina,Kristen,37,tsnyder@example.net,706-201-9769x70191,drive wireless niches,71325,"Wong, Barr and Griffith","Editor, commissioning",127
Andrea,Cristina,48,linda26@example.com,536-646-4199x37843,transition killer e-tailers,36911,Craig and Sons,"Surveyor, building control",128
Kerri,Laurie,57,peggy20@example.net,357-537-7528x998,exploit cross-platform communities,59785,"Davies, Sandoval and Buckley",Manufacturing systems engineer,129
Alan,Carrie,50,nathaniel10@example.org,682.327.2897,redefine extensible e-markets,70973,Wolfe Inc,Civil Service fast streamer,130
Lance,Dominic,61,aatkinson@example.com,+1-489-831-6230x53971,e-enable scalable paradigms,23996,Daniel-Thomas,Computer games developer,131
Rick,Peter,19,nsellers@example.net,784.872.1268x418,grow mission-critical mindshare,47046,Clarke-Bennett,Civil Service administrator,132
Raymond,Peter,50,npham@example.com,438-327-8359x247,monetize synergistic convergence,51178,Ferguson-Howell,Herbalist,133
Erin,Wanda,64,karl36@example.org,(224)853-2716x6640,grow integrated users,12085,Mueller-Schultz,Chief Marketing Officer,134
Kendra,Cory,84,michealking@example.net,9672021394,empower front-end functionalities,04222,Maynard-Gay,"Presenter, broadcasting",135
Omar,Katelyn,56,joanna93@example.com,+1-643-783-8609x6243,implement one-to-one methodologies,58754,Patel-Dillon,Cartographer,136
Billy,Laurie,57,kmelendez@example.net,774-476-5662,visualize global functionalities,18868,Huber Group,Air traffic controller,137
Brooke,Alyssa,34,zpage@example.com,(886)336-0962,transition wireless experiences,92662,Cain LLC,Medical physicist,138
Adrienne,Bruce,84,levievans@example.org,+1-228-201-9278x485,exploit distributed content,28507,Hopkins-Hamilton,Radio broadcast assistant,139
Darlene,Cory,55,ebowers@example.org,+1-411-502-4525,generate value-added experiences,05123,"Ramirez, Petty and Miles",Clinical embryologist,140
Eduardo,Denise,31,bradfordrose@example.net,210.913.5933x3059,iterate scalable info-mediaries,32273,Medina-Chambers,Technical sales engineer,141
Ronald,Alvin,45,johnnyjarvis@example.net,001-523-578-7170x89997,mesh holistic web-readiness,93733,Hayden and Sons,Technical sales engineer,142
Aimee,Bobby,76,garrisonrobert@example.net,001-838-225-8672,synthesize killer portals,85190,"Sims, Frazier and Chambers",Operational researcher,143
Albert,Roberto,58,tmiranda@example.org,001-359-681-3406x94022,transition holistic functionalities,23025,Donaldson Group,Clinical embryologist,144
Yolanda,Stephanie,82,akrueger@example.org,001-849-327-6522x5261,orchestrate next-generation users,89084,Arellano-Gilbert,Energy engineer,145
Jane,Natasha,48,garrettlatasha@example.com,970-872-0269x181,seize B2B relationships,66460,Merritt PLC,"Development worker, international aid",146
Gabriella,Marco,84,zbernard@example.net,001-549-984-4132x7925,revolutionize revolutionary synergies,52867,Simpson-Cooke,"Optician, dispensing",147
Ernest,Todd,90,alicia69@example.com,+1-626-460-0403x338,aggregate frictionless relationships,86742,George-Solis,Science writer,148
Lindsay,Connor,73,montesclinton@example.org,(261)838-2627x8841,incubate visionary communities,22951,"Wells, Harris and Underwood",Advertising account planner,149
Norma,Christine,52,delacruzellen@example.com,001-837-788-6446,target granular synergies,09379,Gilmore PLC,Print production planner,150
Angie,Dennis,84,francisleach@example.net,3969506410,synergize collaborative portals,82602,"Branch, Miller and Pace",Editorial assistant,151
Cynthia,Vanessa,61,gregoryfritz@example.com,+1-565-753-7009x41042,leverage scalable platforms,45188,Wiggins Ltd,Commercial/residential surveyor,152
Leah,Ariel,38,marquezjackie@example.net,001-693-678-0420,iterate real-time channels,16815,"Cervantes, Yu and Bailey","Pharmacist, community",153
Miguel,Dennis,93,valerie70@example.net,(811)275-7404x032,mesh bricks-and-clicks metrics,92442,"Evans, Osborne and Aguilar",Photographer,154
Regina,Isaiah,83,ndunlap@example.com,(374)974-7442x00721,transform leading-edge solutions,85431,"Powell, Spence and Barron",Medical technical officer,155
Raymond,Caleb,64,rebeccaibarra@example.org,001-217-923-5111x06377,facilitate out-of-the-box interfaces,83601,Boyle Group,Lobbyist,156
Anita,Mark,85,johnny62@example.org,632-825-9926x21201,aggregate frictionless e-services,25950,"Cherry, Delgado and Cantrell",Press photographer,157
Alicia,Kristen,50,aruiz@example.com,+1-944-493-2670x6186,synthesize best-of-breed experiences,33298,Brady-Clayton,"Engineer, maintenance (IT)",158
Lydia,Kerri,35,nunezedwin@example.org,943.903.2918,benchmark efficient ROI,62153,"Dawson, Cantu and Mckay",Psychiatrist,159
Joyce,Bob,23,johnscarmen@example.com,(417)760-8748x38573,enable sticky action-items,14244,Shaw LLC,Newspaper journalist,160
Jenna,April,59,alicia93@example.com,+1-560-348-1831x6286,exploit enterprise methodologies,40813,"Matthews, Garrett and Hunt","Teacher, secondary school",161
Brent,Tabitha,19,makaylacortez@example.net,(463)741-2810x02068,deliver impactful architectures,73530,"Joyce, Colon and Strickland",Sport and exercise psychologist,162
Cameron,Eugene,45,boltoneduardo@example.com,707.494.7061,empower end-to-end content,51975,Pittman Group,Fitness centre manager,163
Emma,Amanda,68,alvin63@example.com,001-802-683-2295x8633,envisioneer collaborative channels,07235,Wyatt-Harding,"Horticulturist, amenity",164
Kyle,Mark,58,jimhorton@example.com,(324)841-2641,streamline world-class deliverables,52158,Mercer-Novak,"Sales professional, IT",165
Arthur,Mark,23,tnorton@example.org,2507244875,empower proactive mindshare,01534,Salinas Inc,Nutritional therapist,166
Sherry,Phillip,57,royedward@example.net,001-880-835-6875x595,visualize web-enabled channels,08236,"Powell, Adams and Walton",Dancer,167
Jesse,Clarence,77,sbradshaw@example.net,417-763-2631x260,innovate interactive content,45429,Harvey LLC,Community arts worker,168
Ross,Robert,46,wyattbarber@example.org,001-770-675-0896x424,innovate enterprise portals,29373,Blackburn-Camacho,Product designer,169
Marisa,Jared,89,colleen58@example.com,+1-281-956-4848x6398,seize back-end metrics,49552,Spencer Inc,Music tutor,170
Jeanette,Isaiah,48,farleypatty@example.com,001-743-692-7477x4143,e-enable one-to-one content,26811,Bush Group,Banker,171
Pamela,Dylan,82,morrowtami@example.org,6703679521,repurpose frictionless synergies,76290,Mahoney-Coffey,Immigration officer,172
Margaret,Madeline,82,jennifervillegas@example.com,666-265-1680x52372,mesh killer e-markets,96334,Jackson-Kerr,Broadcast engineer,173
Monique,Shawn,67,lauriebooth@example.org,001-536-553-2840,monetize leading-edge metrics,92910,Cowan-Eaton,Illustrator,174
Javier,Karen,41,joelcooley@example.org,398-502-8199,re-contextualize bricks-and-clicks systems,20853,Massey-Bond,"Engineer, civil (contracting)",175
Gene,Debra,66,kaitlynli@example.net,(693)872-1361x19194,productize transparent e-services,38174,"Cline, Dalton and Harmon",IT sales professional,176
Ray,Alan,89,marvin94@example.org,(347)482-8636x6951,drive dynamic content,98885,Santos-Oliver,Higher education careers adviser,177
Becky,Kristen,31,lindseyjennifer@example.net,8062630427,expedite clicks-and-mortar portals,19223,Gordon-Fernandez,"Investment banker, corporate",178
Gordon,Mandy,19,peggy40@example.org,001-921-663-4173x04279,syndicate killer e-markets,72327,Robles-Byrd,Publishing copy,179
Cory,Chloe,38,taylorchapman@example.com,(504)973-0875x9322,generate open-source content,21519,Leonard LLC,IT trainer,180
Charlotte,Douglas,91,wiseclaudia@example.com,(302)563-9638x16286,re-intermediate sticky infrastructures,09195,Hodge LLC,Futures trader,181
Beverly,Jared,57,moyerjennifer@example.net,865.536.5814,generate extensible web-readiness,92721,Kaufman-Hunter,Oncologist,182
Christie,Yolanda,84,andrew29@example.net,423.557.7495x1742,grow visionary relationships,38618,"Donaldson, Ewing and Rasmussen",Technical sales engineer,183
Alexandria,Virginia,22,morganalexandria@example.com,323-936-7893x966,monetize next-generation communities,91387,Baldwin Inc,"Accountant, chartered public finance",184
Michelle,Tommy,27,catherine88@example.net,+1-573-965-1442,grow collaborative web services,08649,Mcconnell-Christian,Estate agent,185
Derek,Stacie,43,maxwellyoder@example.net,981.632.2776x2886,embrace intuitive deliverables,99210,Meyer-Arias,"Engineer, aeronautical",186
Ernest,Emma,59,tracyyu@example.com,(865)600-5495,repurpose user-centric systems,05803,Schmitt Ltd,Ergonomist,187
Beverly,Isabella,41,macdonaldedgar@example.net,972-794-7322,monetize innovative e-business,49796,Gamble Ltd,Electronics engineer,188
Corey,Eddie,65,kelliewolfe@example.net,8107193284,visualize killer experiences,52331,"Pierce, Bender and Stephenson",Multimedia programmer,189
Suzanne,Sara,43,kirkmontgomery@example.com,001-597-514-8839,visualize back-end interfaces,08402,"Norton, Bowen and Kirk",Ranger/warden,190
Amber,Grant,93,mayomonica@example.net,9587737508,exploit turn-key partnerships,72490,Sherman-Ritter,"Programmer, applications",191
Harry,Ruben,60,pennyvalencia@example.net,(245)556-0342,strategize user-centric ROI,80706,"Hurley, Rose and Mcpherson","Production designer, theatre/television/film",192
Doris,Fernando,27,urichmond@example.net,(229)825-1366,productize strategic paradigms,34963,"Ashley, Barnett and Rivera",Pathologist,193
Meagan,Carrie,23,benjaminnunez@example.net,001-794-840-0206,embrace mission-critical interfaces,60295,Wright-Hicks,Forest/woodland manager,194
Warren,Miranda,78,henglish@example.org,472-697-5031x0380,maximize synergistic channels,37974,Knox-Richmond,Clinical psychologist,195
Jocelyn,Matthew,71,zhicks@example.org,001-494-519-8745x660,brand 24/365 deliverables,30331,Gould Group,Clinical research associate,196
Nathan,Joanna,43,jo88@example.net,001-661-767-7506x6477,e-enable compelling e-commerce,69349,Taylor Inc,Mechanical engineer,197
Timothy,Lance,30,carolynhenderson@example.com,567.277.6492,reinvent wireless portals,98836,"Russell, Becker and Serrano",Paediatric nurse,198
Mario,Brandi,71,laranatalie@example.net,400.522.9593,repurpose dot-com ROI,09528,"Livingston, Velez and Gamble","Engineer, technical sales",199
Cody,Catherine,70,allenjudy@example.com,508-910-5892x70337,synthesize killer supply-chains,40074,"Bishop, Calhoun and Freeman",Health visitor,200
Felicia,Bobby,90,starkbelinda@example.net,470.553.6737,leverage dynamic e-commerce,01462,Gross and Sons,Microbiologist,201
Clifford,Brad,33,terry33@example.net,(984)428-4842,morph frictionless e-business,94742,"Diaz, Baxter and Giles",Artist,202
Jeremiah,Destiny,71,megan06@example.org,432.209.6190x990,embrace seamless eyeballs,87078,Romero-Osborne,Oncologist,203
Jonathan,Janet,87,xwillis@example.net,727.758.9311,transition magnetic markets,76439,Braun PLC,Claims inspector/assessor,204
Sonya,Alfred,63,randallsoto@example.org,674-936-6196x684,facilitate bricks-and-clicks functionalities,70603,"Moses, Moore and Coleman",Materials engineer,205
Jonathon,Alexandria,45,cperez@example.org,(707)497-8285x427,generate 24/7 systems,66057,Bernard-Farley,Energy engineer,206
Helen,Maria,38,duranvanessa@example.org,786-960-4233x64724,generate customized channels,79313,Mcgrath-Hess,"Surveyor, commercial/residential",207
Ebony,Richard,72,hendrickskrystal@example.org,+1-723-487-9700,synergize clicks-and-mortar e-services,61333,Hall PLC,"Psychotherapist, dance movement",208
Janice,Raymond,89,cwagner@example.com,741.845.8705,synergize seamless e-tailers,20708,"Wall, Blankenship and Marsh",Phytotherapist,209
Hayden,Clayton,80,reneehubbard@example.net,001-773-668-8718,envisioneer killer content,87157,Walls-Gross,Charity fundraiser,210
Roy,Robin,65,wware@example.com,8679461414,deliver viral ROI,88109,"Sanders, Hardin and Hart",Heritage manager,211
Jaime,Ian,86,harrisdoris@example.org,001-638-432-5186,envisioneer impactful web services,52916,Sharp PLC,"Social research officer, government",212
Kenneth,Caitlin,35,preston91@example.org,7273659816,re-intermediate cross-media technologies,76022,Henry Group,International aid/development worker,213
Mindy,Tammy,90,catherinedaniel@example.com,(658)475-1261x36694,exploit impactful e-tailers,56410,Lane-Schaefer,Publishing copy,214
Ryan,Rebecca,32,riggsalicia@example.com,001-437-864-7788x61362,enable efficient info-mediaries,47106,Crane-Mccall,"Nurse, learning disability",215
Logan,Erik,64,bryan85@example.net,774-365-0188,implement visionary eyeballs,93545,Hanson Group,Politician's assistant,216
Shelly,Charles,35,cjoyce@example.net,+1-575-780-6969x2442,target frictionless e-markets,34258,Mills-Hooper,"Optician, dispensing",217
Jodi,Jane,20,debbiewilcox@example.com,4153440513,transform out-of-the-box e-tailers,67583,Dixon LLC,"Scientist, water quality",218
Joy,Jeffrey,45,loverose@example.net,750-293-2237x8709,productize robust vortals,44116,Buck-Osborne,Theatre stage manager,219
Roy,Lindsey,32,riggscharlotte@example.org,539.586.9176x9264,facilitate out-of-the-box e-markets,44440,Hudson and Sons,"Programme researcher, broadcasting/film/video",220
Brandi,Gwendolyn,29,jsandoval@example.com,7386009103,utilize open-source interfaces,41110,Haynes Inc,"Designer, exhibition/display",221
Jesus,Ivan,45,andreaholloway@example.net,(263)870-5127,repurpose front-end mindshare,08646,Cook-Robertson,Secondary school teacher,222
Terri,Fernando,54,theresacalderon@example.net,(611)412-8145,envisioneer magnetic technologies,85684,Beard and Sons,Ceramics designer,223
Sara,Kari,39,gperkins@example.net,528-702-1879x7743,cultivate real-time partnerships,39107,"King, Ho and Hicks",Engineering geologist,224
Kevin,Lucas,59,willisadam@example.com,(384)871-9575,mesh killer partnerships,40360,Torres-Osborn,"Engineer, communications",225
Jackie,Tasha,29,bsoto@example.org,251.332.0354,deploy cross-media supply-chains,93886,"Bryan, Mcknight and Knight",Gaffer,226
Whitney,Ricky,29,lhawkins@example.org,7394458654,synthesize ubiquitous convergence,70834,"Velez, Kirk and Hartman",Dietitian,227
Victor,Carmen,76,bill01@example.net,(887)445-2954x4208,harness B2B supply-chains,75826,Boyer-Quinn,Environmental education officer,228
Meredith,Linda,87,mcknightwhitney@example.org,896-556-6561x9186,revolutionize enterprise web services,60635,"Middleton, Mcguire and Baird","Surveyor, building",229
Todd,Leah,77,toni77@example.org,(850)523-0758,architect sticky technologies,54244,Copeland-Mckay,Barrister,230
Eric,Ashley,52,cdean@example.org,+1-460-792-1179x280,exploit global convergence,10945,Carey-Acosta,"Engineer, technical sales",231
Veronica,Bruce,84,edwardbautista@example.net,+1-975-824-0645x54743,re-intermediate turn-key deliverables,19361,Hayden-Williams,"Presenter, broadcasting",232
Austin,Greg,20,wilsongloria@example.org,874.394.5019,harness revolutionary markets,71112,"Acevedo, Cooley and Stafford",Risk manager,233
Elizabeth,Scott,84,pmorrow@example.net,4446783014,enhance end-to-end convergence,12118,Carrillo-Moon,Ranger/warden,234
Brittany,Mckenzie,83,geoffreychapman@example.net,+1-372-300-3637x568,revolutionize killer convergence,27355,Stuart-Morris,Arts administrator,235
Claudia,Joshua,74,justin05@example.com,(221)761-9368,strategize efficient architectures,43163,"Marquez, Hanson and Nielsen",Cartographer,236
Darrell,Janice,36,fsantana@example.org,453.991.7337,embrace seamless markets,25671,"Brandt, Reeves and Benitez",Media planner,237
Misty,Stacey,37,mbolton@example.com,+1-342-858-4689x000,repurpose magnetic paradigms,88433,"Acevedo, Quinn and Singh","Civil engineer, consulting",238
Sue,Mario,67,courtneylamb@example.com,247-469-4369,whiteboard world-class methodologies,85392,Beltran Ltd,Aeronautical engineer,239
Joshua,Jon,43,cleblanc@example.org,(585)671-9384,optimize customized synergies,86693,Cabrera-Mccarthy,Economist,240
Hayley,Leon,60,uandersen@example.net,001-269-345-3422x4455,integrate world-class interfaces,96145,"Yang, Pratt and Durham",Equality and diversity officer,241
Catherine,Nathaniel,63,cole29@example.com,978-857-2593,facilitate holistic action-items,65420,Anthony-Cordova,"Engineer, water",242
Gilbert,Jeanne,75,rhenson@example.net,770-629-7281x5157,optimize extensible methodologies,99683,Cantu Ltd,Environmental consultant,243
Marvin,Guy,62,nielsendenise@example.org,+1-367-689-3823x102,morph global e-business,67950,Dunlap Ltd,Haematologist,244
Linda,Chelsea,52,pdavenport@example.net,246-846-9795,streamline proactive applications,42268,Good-Rowe,Diagnostic radiographer,245
Martha,Anne,45,frenchsylvia@example.org,+1-674-477-2057x182,transform open-source web-readiness,66554,Simon LLC,Freight forwarder,246
Katrina,Gregg,71,craigjeff@example.com,+1-500-693-5046x666,orchestrate granular e-business,39527,Conley Group,Colour technologist,247
Brent,Cynthia,87,earl70@example.com,+1-744-716-5377,visualize 24/365 niches,16115,Prince-Massey,Neurosurgeon,248
Phyllis,Krista,63,peggymclaughlin@example.com,902.984.7837x8430,iterate transparent technologies,34942,"Pearson, Kent and Richardson","Nurse, learning disability",249
Joe,Gabriela,65,hurstroger@example.net,537.412.8333,scale front-end solutions,64968,Schaefer LLC,Immunologist,250
Andrew,Sarah,72,kerri33@example.net,(339)890-0800,re-contextualize killer applications,91036,"Trevino, Phillips and Butler",Lobbyist,251
Carly,Caleb,24,ebenitez@example.com,001-300-916-9401,architect collaborative niches,53326,Knight-Horne,Purchasing manager,252
Alfred,Darren,46,louischambers@example.net,290.713.6032x715,leverage ubiquitous niches,31343,"Macias, Vazquez and Zuniga",Optometrist,253
Russell,Jeanne,25,stanleysandra@example.net,277-968-1221x744,grow e-business supply-chains,24393,Meza-Lucero,Financial planner,254
Robin,Lauren,38,randall78@example.org,+1-556-537-3417,repurpose impactful web services,61070,"Shaffer, Monroe and Shea","Engineer, technical sales",255
Jamie,Phyllis,23,bethanyvelazquez@example.net,613-570-2925x5848,transform plug-and-play interfaces,83169,"Hutchinson, Rodriguez and Reese",Race relations officer,256
Curtis,Andrea,50,daviskristie@example.net,202.687.0909,aggregate sticky partnerships,91171,Ware-Hood,Regulatory affairs officer,257
Hector,Reginald,62,okaufman@example.net,+1-364-717-1160x60664,whiteboard wireless convergence,43166,Cordova Group,Musician,258
Samuel,Spencer,30,mjennings@example.org,+1-971-326-8982,iterate magnetic action-items,29742,"Rasmussen, Frazier and Noble","Surveyor, quantity",259
Jeremiah,Isaac,45,velasquezmaurice@example.net,654-893-4609x2675,cultivate front-end action-items,99459,"Swanson, Gonzalez and Jarvis",Energy manager,260
Kevin,Jimmy,86,melissaharvey@example.com,748.586.5590,optimize customized info-mediaries,86382,"Norman, Barton and Gray","Radiographer, therapeutic",261
Brady,Nathaniel,24,stanleyarthur@example.com,(752)436-6579x70443,envisioneer B2B mindshare,80052,Vaughn Inc,"Exhibitions officer, museum/gallery",262
Jackson,Marcia,40,kramerjeffrey@example.org,838.433.4662,synergize granular functionalities,05725,Cooper-Bryant,Audiological scientist,263
Desiree,Patty,74,kmcconnell@example.net,001-905-435-0289x0043,optimize back-end portals,25950,"Vang, Harper and Raymond",Further education lecturer,264
Alexandria,Bruce,88,fitzgeraldrichard@example.net,(550)768-5968x526,deliver bricks-and-clicks infrastructures,88425,Hartman PLC,"Teacher, music",265
Breanna,Don,51,candice24@example.com,758.262.8008,deliver enterprise portals,24161,"Lowery, Baird and Yoder",Trade mark attorney,266
Audrey,Molly,53,santosmartin@example.net,(221)381-6889,innovate virtual convergence,48456,Conner and Sons,Contracting civil engineer,267
Candice,Theresa,76,eileen46@example.org,001-706-428-5078x34419,leverage strategic applications,67107,Hendricks PLC,Energy engineer,268
Jon,Cheyenne,87,tweaver@example.com,+1-439-893-2278x49938,envisioneer 24/365 supply-chains,47182,Heath and Sons,Acupuncturist,269
Diane,Johnny,23,nvillarreal@example.com,740.762.4466,target end-to-end ROI,88255,Garza Ltd,Jewellery designer,270
Jody,Lindsey,28,myersangel@example.net,4317572748,expedite magnetic relationships,77299,Palmer-Key,Passenger transport manager,271
Carla,Wendy,32,richardsonerik@example.com,203.587.7802x42710,synthesize bricks-and-clicks models,35083,Ball LLC,Accommodation manager,272
Larry,Ray,78,carol66@example.net,363.272.3663x9734,matrix synergistic e-services,89788,Davis-Zamora,"Horticulturist, commercial",273
Kristie,Duane,31,friedmancandace@example.net,592.936.0514,aggregate interactive e-services,41684,Nichols-Nunez,Occupational hygienist,274
Rebecca,Candice,63,mcgeechelsey@example.net,(786)562-6310,facilitate integrated markets,11950,Murray-Waller,Advertising account executive,275
Jordan,Dave,87,leah97@example.com,+1-505-612-4483x1218,generate robust e-services,95552,Santiago-Lamb,Orthoptist,276
Briana,Michelle,73,ogillespie@example.net,8722692819,streamline sticky mindshare,42000,"Jones, David and Mosley",Media buyer,277
Kerri,Chris,45,finleychris@example.org,(936)739-6592,facilitate holistic supply-chains,74639,Mccormick-Wagner,Theatre director,278
Stuart,Jaime,78,kristykirk@example.com,971-987-6822x5162,disintermediate end-to-end functionalities,35225,Abbott Group,Chief Marketing Officer,279
Danielle,Mason,47,landersen@example.org,(606)520-5519,revolutionize B2C metrics,89215,Cochran Inc,Garment/textile technologist,280
Faith,Ana,60,jamiepetersen@example.com,+1-231-492-1168,synthesize holistic networks,86968,"Lam, Roberts and Travis","Designer, textile",281
Kylie,Carl,28,haroldbarrera@example.net,+1-857-730-5000x774,engage out-of-the-box methodologies,83827,Ellis Group,Forensic scientist,282
Kelsey,Laura,32,omarfarley@example.net,4919666215,re-contextualize mission-critical web-readiness,17033,"Webb, Wade and Walker",Furniture conservator/restorer,283
Willie,Jodi,60,natalie19@example.net,999-913-6086,expedite impactful markets,63939,Wu Group,Commissioning editor,284
Cindy,Jeffery,38,austinfowler@example.com,001-495-484-3612,deliver value-added technologies,21490,Mccoy-Middleton,"Teacher, English as a foreign language",285
Jesse,Gavin,64,brucecolton@example.com,(629)455-7552,embrace open-source experiences,83482,Conley-Moreno,Economist,286
Patricia,Jackie,65,angel22@example.org,627-413-2820x57396,whiteboard revolutionary networks,95563,Stevenson-Wolfe,Learning mentor,287
Alexis,Anita,95,bsexton@example.com,396.869.2944,generate wireless e-markets,37599,"Gutierrez, Martinez and Bradley",Theme park manager,288
Pedro,Julie,57,mcgrathvictoria@example.org,364-417-5624,drive 24/7 ROI,70478,"Carroll, Oconnor and Warren",Licensed conveyancer,289
Damon,Nicholas,43,goodmansteven@example.com,932.998.8671x604,facilitate next-generation action-items,27178,Villa Ltd,Facilities manager,290
Cynthia,Sydney,87,daisyballard@example.net,458-895-1985,visualize revolutionary e-commerce,59989,Hutchinson-Kramer,Special educational needs teacher,291
Collin,Dalton,63,xbeck@example.net,001-568-543-3134x83897,implement distributed markets,09564,Mcgrath-Henson,Animator,292
Mary,Kaylee,93,adrienne05@example.org,+1-500-296-1369x291,orchestrate bleeding-edge partnerships,97000,Stanton-Maddox,Museum education officer,293
Devon,Summer,46,jeffery20@example.com,001-768-861-4980x2773,deliver value-added models,23552,Graham PLC,Firefighter,294
Connie,Cameron,41,charlene84@example.org,916.771.3779,morph killer vortals,50111,"Brady, Mccarty and Coleman",Chemical engineer,295
Nichole,Candice,62,acampbell@example.net,613-269-7557x048,aggregate robust communities,05300,"Stokes, Miller and Mays",Publishing copy,296
Brett,Latasha,46,ray16@example.com,(343)616-9032,cultivate e-business applications,93315,"Montes, Malone and Mccormick",Charity officer,297
Stacy,Troy,89,theresacurry@example.org,227-485-3195x86352,morph cutting-edge initiatives,28212,Werner-Houston,Recruitment consultant,298
Maurice,Timothy,29,alan61@example.net,694-625-0019,disintermediate extensible technologies,46798,Kirk LLC,"Surveyor, land/geomatics",299
James,Stephen,93,saustin@example.net,001-727-392-1404x45718,reinvent B2C info-mediaries,62497,Mccullough-Delacruz,Health physicist,300
Max,Jeremy,57,deborah88@example.com,563-214-7343,exploit bleeding-edge e-markets,31158,"Gibbs, Fitzgerald and Dillon","Therapist, art",301
Alexandria,Douglas,71,fmorse@example.org,+1-205-811-0687x5559,engage transparent technologies,19764,"Wu, Tran and Maddox",Electrical engineer,302
Jaime,Amy,89,phillipsallen@example.com,(843)657-8786x2707,morph bleeding-edge models,36809,"York, Hunt and Dawson",Interpreter,303
Brandon,Alyssa,65,brentfloyd@example.org,774-784-2302x94100,innovate open-source e-commerce,13592,Aguirre-Thompson,Barrister's clerk,304
Erika,Dominique,20,bpham@example.com,561-236-0774,revolutionize compelling e-markets,29148,Santana Inc,Corporate investment banker,305
Earl,Kristina,56,kyle71@example.net,886-740-5239x2742,e-enable interactive web-readiness,51307,Rowland-Henry,Chemical engineer,306
Daisy,Linda,81,brandydelacruz@example.net,940.514.1231,enhance clicks-and-mortar portals,30256,Stewart-Austin,Teaching laboratory technician,307
Kristopher,Miguel,38,calvin03@example.com,(603)363-0370x5472,synergize visionary relationships,23019,"Sampson, Watts and Mccullough",Oncologist,308
Derek,Miguel,41,kellywade@example.net,+1-497-896-8488x759,matrix frictionless markets,90925,Baker-Holland,Dietitian,309
Jamie,Stacy,61,marthadavid@example.org,+1-305-643-1522x4918,engineer holistic technologies,72748,Giles-Tate,"Teacher, adult education",310
Sharon,Shane,20,epeterson@example.com,001-318-354-3371x729,mesh seamless info-mediaries,84507,Powers LLC,Educational psychologist,311
Francis,Jay,70,kboyer@example.org,873.842.2603,harness plug-and-play e-commerce,52930,"Carroll, Serrano and Nash",Mechanical engineer,312
Katie,Jorge,28,steelesue@example.org,(618)425-6616x299,evolve real-time users,87873,"Guerrero, Anderson and Lawson","Scientist, water quality",313
Caleb,Mitchell,46,alvin72@example.org,709-341-7965x347,incentivize killer markets,71859,Floyd LLC,Risk manager,314
Beverly,Ruben,93,webermalik@example.net,(410)749-4010x239,re-intermediate cutting-edge vortals,82836,Duran-Wu,Structural engineer,315
Joan,Marcia,39,beverly98@example.org,518.242.5626x6341,expedite wireless e-services,62556,Gray LLC,Arts development officer,316
Marcia,Michelle,21,kaylee91@example.net,(731)832-8970x1832,generate scalable vortals,30031,Jarvis-Tyler,"Scientist, product/process development",317
Darryl,Ernest,24,austin32@example.org,277.587.6601x294,repurpose extensible users,29077,Patrick-Joyce,Charity fundraiser,318
Juan,Tammy,29,dawn68@example.com,773.808.8042x742,syndicate B2B e-services,07103,Vaughn Inc,Advertising art director,319
Sherry,Tanya,35,javier21@example.net,(942)787-7770x878,synergize best-of-breed e-business,80112,Zuniga LLC,Arts development officer,320
Jane,Anne,69,desiree76@example.com,001-394-799-8833x86153,syndicate granular convergence,77833,"Flynn, Warner and Reilly",Naval architect,321
Erika,Cheyenne,72,mrhodes@example.net,(258)499-2968,evolve vertical partnerships,11515,Mcclain-Sharp,"Research officer, government",322
Lance,Oscar,59,kathleentravis@example.com,001-855-977-9113x19782,utilize intuitive info-mediaries,23848,"Bush, Blackburn and Park","Lecturer, further education",323
Tanya,Kathy,72,jason36@example.com,268.566.4238x319,optimize cutting-edge bandwidth,05732,Ortega-Shah,Chemical engineer,324
Ralph,Veronica,62,dean84@example.org,829-823-8390x4524,leverage cross-platform eyeballs,54873,Gordon Inc,Gaffer,325
Darlene,Stanley,19,kurtfritz@example.com,001-663-628-5804,innovate compelling experiences,82099,"Gross, Simon and Frost",Licensed conveyancer,326
Francisco,Casey,38,christine64@example.org,(584)669-5738x442,seize dynamic infrastructures,01032,Wu-Sutton,"Engineer, agricultural",327
Marcus,Kirk,78,bridgescraig@example.net,(578)280-3760x567,implement end-to-end interfaces,52868,Acevedo-Merritt,"Loss adjuster, chartered",328
Meghan,Kevin,43,zwaller@example.net,(474)349-5748x0029,syndicate interactive applications,99233,"Conner, Pearson and Gaines",Horticultural consultant,329
Mackenzie,Kirsten,21,francisroger@example.org,+1-938-221-9074x931,maximize visionary architectures,43250,"Marquez, Rivera and Zuniga",Applications developer,330
Justin,Amanda,21,kristopherbrock@example.com,(221)571-0422x1818,embrace one-to-one convergence,50876,"Brewer, Pratt and Curtis",Software engineer,331
Carrie,Shirley,56,ellisonalicia@example.net,001-827-998-0620x410,maximize seamless bandwidth,51746,Bass-Wilson,Research scientist (medical),332
Helen,Garrett,50,sawyermelody@example.net,+1-633-901-8692x403,aggregate vertical vortals,32352,"Combs, Hendrix and Phillips","Loss adjuster, chartered",333
Kevin,Jason,28,deanharmon@example.org,+1-825-522-0947x76332,enhance real-time niches,45212,"Levine, Black and Ayala",Psychiatrist,334
Alison,Mariah,37,dwaynevazquez@example.com,859-681-1229,disintermediate leading-edge functionalities,02214,Sutton PLC,Editorial assistant,335
Jose,Summer,56,rayhooper@example.com,285.282.2083x904,deliver cross-platform markets,55023,Walters-Bowen,Press photographer,336
Aaron,Frances,31,erin48@example.org,695.484.7738x844,monetize end-to-end platforms,59986,Day-Solomon,Emergency planning/management officer,337
Jerry,Neil,52,valdezterrence@example.org,341-286-3375,transition clicks-and-mortar networks,82942,"Koch, Wilcox and Vazquez","Scientist, research (physical sciences)",338
Francisco,Judith,89,qsteele@example.com,5232156929,exploit efficient eyeballs,68734,Ramsey-Mcpherson,"Engineer, electronics",339
Zachary,Lindsay,65,umcgee@example.org,589-406-6456x9579,cultivate bleeding-edge info-mediaries,30647,"Browning, Wright and Conrad",Private music teacher,340
Chelsea,Brooke,70,virginia22@example.net,(386)878-4146x00556,empower open-source portals,19543,Hobbs-Yates,"Production assistant, television",341
Jesse,Kristin,62,warejavier@example.org,+1-719-342-8703x26044,optimize revolutionary e-tailers,44246,Riddle LLC,Building control surveyor,342
Yolanda,Brittney,27,dsantana@example.com,(691)895-8807x0051,deploy one-to-one relationships,47954,Burgess-Montoya,Chartered certified accountant,343
Sean,Robin,44,frank01@example.org,666.956.3335x92676,redefine bricks-and-clicks platforms,34589,Patel Inc,"Engineer, materials",344
Fernando,Franklin,80,ghenson@example.net,(809)463-4942,syndicate dot-com solutions,67713,Robinson and Sons,Call centre manager,345
Abigail,Ebony,25,lonniebenson@example.net,517-494-8719x928,exploit cross-platform niches,93765,"Herman, Navarro and Vega",Jewellery designer,346
Clinton,Nicolas,18,sally87@example.net,979-322-5635x22293,target strategic experiences,86467,"Page, Malone and Bush",Contractor,347
Kylie,Joanna,54,wmccoy@example.net,(756)559-5324x32751,matrix magnetic users,45809,"Miles, Mahoney and Mccormick",Public relations account executive,348
Luke,Selena,66,steinfrank@example.net,6446432620,visualize frictionless systems,06333,Bell Inc,Wellsite geologist,349
Clarence,Seth,29,zstevenson@example.org,+1-650-930-9512x2355,maximize revolutionary convergence,66068,"Hill, Meyer and Moyer",Farm manager,350
Clarence,Alyssa,95,zunigabeverly@example.com,969.418.5077,leverage sticky content,73065,Reid Group,Leisure centre manager,351
Bailey,Stacie,78,gracearcher@example.com,(724)754-2987,exploit integrated partnerships,46142,"Shelton, Silva and Sweeney","Teacher, special educational needs",352
Daniel,Dennis,52,hornkathy@example.com,+1-577-493-2102,synergize intuitive models,37055,Edwards-Vance,Aeronautical engineer,353
Mia,Levi,69,jill68@example.net,657.557.7494x6796,architect compelling solutions,65113,Gibbs-Sanford,"Therapist, occupational",354
Clarence,Adriana,84,iwright@example.com,+1-590-670-6929x344,syndicate holistic technologies,53080,"Coleman, Maynard and Huber","Engineer, energy",355
Angelica,Regina,89,qvelasquez@example.com,+1-398-751-9012x3691,leverage interactive paradigms,07057,Sampson Ltd,Operational investment banker,356
Franklin,Kenneth,48,nealleslie@example.org,676-799-4382,aggregate B2C action-items,75470,Waters-Washington,Oceanographer,357
Kirsten,Emily,31,colejacqueline@example.net,797-737-7236x4935,unleash e-business web services,41301,Floyd-Hebert,Music therapist,358
Darin,Tristan,66,susan91@example.com,001-791-644-4736x69860,mesh innovative infrastructures,19269,"Roberts, Oconnell and Blake",Community pharmacist,359
Cody,Kathryn,23,rhondawatson@example.net,227.218.9349x6578,disintermediate customized channels,61283,Holmes-Solis,Special educational needs teacher,360
Sabrina,Joel,87,moranyvette@example.com,+1-798-790-9305x7039,envisioneer scalable initiatives,57498,Guerra Ltd,Food technologist,361
Ralph,Edwin,68,taraparker@example.net,359-830-6848,optimize virtual methodologies,40266,"Lara, Jordan and Moran","Engineer, broadcasting (operations)",362
Geoffrey,Kristine,83,toddunderwood@example.org,001-454-233-3729x01056,repurpose value-added action-items,50900,Mason-Blackwell,Farm manager,363
Timothy,Jessica,42,glendavillarreal@example.com,(600)314-8996,monetize impactful e-business,96040,Boyer Inc,Camera operator,364
Autumn,Brittany,42,xferrell@example.com,7707058185,deliver clicks-and-mortar functionalities,47215,"Vaughn, Knapp and Hodges",Advertising art director,365
Dylan,Stephanie,29,brookskaitlin@example.com,338.517.3071x2223,deliver value-added paradigms,79913,"Hampton, Hampton and Ochoa",Multimedia programmer,366
